name,datetime,tempmax,tempmin,temp,feelslikemax,feelslikemin,feelslike,dew,humidity,precip,precipprob,precipcover,preciptype,snow,snowdepth,windgust,windspeed,winddir,sealevelpressure,cloudcover,visibility,solarradiation,solarenergy,uvindex,severerisk,sunrise,sunset,moonphase,conditions,description,icon,stations
Stockholm,2022-02-01,26.4,22.7,23.9,26.4,14,19.6,18.4,79.4,0.004,100,8.33,snow,0,0,17.9,8.8,323.3,999.1,57.8,18.1,30,2.8,1,10,2022-02-01T07:58:18,2022-02-01T16:05:11,0,"Snow, Partially cloudy",Clearing in the afternoon with morning snow.,snow,"02486099999,02464099999,02469099999,02489099999,02484099999,E4931,ESSB"
Stockholm,2022-02-02,25.6,21.3,23,23.3,13.8,18.2,18,81.3,0.001,100,4.17,snow,0,0.9,13.9,9.1,313.3,1003.4,75,15.4,26.8,2.4,1,10,2022-02-02T07:56:01,2022-02-02T16:07:44,0.04,"Snow, Partially cloudy",Partly cloudy throughout the day with afternoon snow.,snow,"02486099999,02464099999,02469099999,02489099999,02484099999,E4931,ESSB"
Stockholm,2022-02-03,32.2,23.9,26.4,26.3,18.2,23.2,22.1,83.5,0.002,100,8.33,snow,0,0.9,14.4,10.6,120.3,1010.3,95.8,15.6,18.6,1.5,1,10,2022-02-03T07:53:42,2022-02-03T16:10:17,0.07,"Snow, Overcast",Cloudy skies throughout the day with early morning snow.,rain,"02486099999,02464099999,02469099999,02489099999,02484099999,E4931,ESSB,F4490"
Stockholm,2022-02-04,38.9,33,36.4,33.6,24.5,29.3,35.1,94.7,0.332,100,66.67,"rain,snow",0.1,0.8,25.5,13.1,160.8,997.4,92.6,7.1,7.6,0.5,0,10,2022-02-04T07:51:22,2022-02-04T16:12:51,0.1,"Snow, Rain, Overcast",Cloudy skies throughout the day with a chance of rain or snow throughout the day.,snow,"02486099999,02464099999,02469099999,02489099999,02484099999,E4931,ESSB"
Stockholm,2022-02-05,37.7,31.8,34.6,31.9,23.9,28.5,30,83.6,0,0,0,,0,0.7,21,13,237.7,991.8,35,14.5,36.5,3.1,2,10,2022-02-05T07:49:00,2022-02-05T16:15:24,0.14,Partially cloudy,Clearing in the afternoon.,partly-cloudy-day,"02486099999,02464099999,02469099999,02489099999,02484099999,E4931,ESSB"
Stockholm,2022-02-06,38.9,32.1,36.1,32.7,26.2,29.5,29.9,78.5,0.045,100,12.5,"rain,snow",0,0.7,30,13.3,213.2,982.7,70.2,15.2,32.8,2.9,2,10,2022-02-06T07:46:35,2022-02-06T16:17:58,0.17,"Snow, Rain, Partially cloudy",Partly cloudy throughout the day with early morning snow or rain.,rain,"02486099999,02464099999,02469099999,02489099999,02484099999,E4931,ESSB,F4490"
Stockholm,2022-02-07,35,28.9,32.1,33.4,23,26,25.2,76.2,0,0,0,,0,0.9,22.6,12.5,279.4,993.8,17.9,18.4,37.9,3.2,2,10,2022-02-07T07:44:09,2022-02-07T16:20:32,0.2,Clear,Clear conditions throughout the day.,clear-day,"02486099999,02464099999,02469099999,02489099999,02484099999,E4931,ESSB"
Stockholm,2022-02-08,40.4,29,35.1,34.4,22.7,29.3,30.1,82.2,0.062,100,29.17,"rain,snow",,0.2,21,13.5,234.9,1001.3,44.7,14.8,29.2,2.3,2,10,2022-02-08T07:41:42,2022-02-08T16:23:05,0.25,"Snow, Rain, Partially cloudy",Partly cloudy throughout the day with a chance of rain or snow throughout the day.,rain,"02486099999,02464099999,02469099999,02489099999,02484099999,E4931,ESSB,F4490"
Stockholm,2022-02-09,43.5,33,37.8,36.6,26.7,30.7,30.4,74.8,0,0,0,,,0,27.6,18.2,238.5,1002,27.6,14.9,34.9,3.1,2,10,2022-02-09T07:39:13,2022-02-09T16:25:39,0.27,Partially cloudy,Partly cloudy throughout the day.,partly-cloudy-day,"02486099999,02464099999,02469099999,02489099999,02484099999,E4931,ESSB"
Stockholm,2022-02-10,40.8,33.3,37.1,33.5,26.3,29.3,26.8,66.2,0.039,100,20.83,rain,0,0,29.7,16.4,253,1001.8,0,15.7,45.8,3.9,2,10,2022-02-10T07:36:42,2022-02-10T16:28:13,0.3,Rain,Clear conditions throughout the day with rain in the morning and afternoon.,rain,"02486099999,02464099999,02469099999,02489099999,02484099999,E4931,ESSB"
Stockholm,2022-02-11,33.2,28.1,30.7,31.5,19.4,24,19.7,64.7,0,0,0,snow,0,0,18.2,12.1,273.9,1011.3,0,17.4,46.1,3.9,2,10,2022-02-11T07:34:10,2022-02-11T16:30:46,0.33,Clear,Clear conditions throughout the day.,clear-day,"02486099999,02464099999,02469099999,02489099999,02484099999,E4931,ESSB"
Stockholm,2022-02-12,40.4,28.6,34.8,32,19.3,26.7,25.1,67.8,0.003,100,4.17,"rain,snow",0,0,31.7,16.2,232.8,1014.8,43.4,15.4,36.5,3.2,2,10,2022-02-12T07:31:36,2022-02-12T16:33:20,0.36,"Snow, Rain, Partially cloudy",Becoming cloudy in the afternoon with afternoon rain or snow.,rain,"02486099999,02464099999,02469099999,02489099999,02484099999,E4931,ESSB"
Stockholm,2022-02-13,39.4,34.4,37.3,33,25.2,29.5,29.7,74.1,0,0,0,snow,0,0,26.8,15.2,207.7,1003.5,96.1,16.6,21.4,1.8,1,10,2022-02-13T07:29:01,2022-02-13T16:35:53,0.39,Overcast,Cloudy skies throughout the day.,cloudy,"02486099999,02464099999,02469099999,02489099999,02484099999,E4931,ESSB"
Stockholm,2022-02-14,39.4,34.4,37,35.6,28.7,32.5,35,92.6,0.167,100,70.83,"rain,snow",0.2,0.1,17,8.5,184.7,998,93,7.2,10,0.8,1,10,2022-02-14T07:26:25,2022-02-14T16:38:26,0.43,"Snow, Rain, Overcast",Cloudy skies throughout the day with a chance of rain or snow throughout the day.,snow,"02486099999,02464099999,02469099999,02489099999,02484099999,E4931,ESSB"
Stockholm,2022-02-15,42.2,37,39.5,36.4,30.2,33.9,34.4,82.3,0.002,100,4.17,rain,0,0,25.8,13.5,189.3,997.2,74.2,12.6,26.6,2.1,1,10,2022-02-15T07:23:47,2022-02-15T16:40:59,0.46,"Rain, Partially cloudy",Partly cloudy throughout the day with afternoon rain.,rain,"02486099999,02464099999,02469099999,02489099999,02484099999,E4931,ESSB"
Stockholm,2022-02-16,39.9,34.8,37.4,34.1,28.5,31.3,33.4,85.6,0.151,100,33.33,"rain,snow",0,0,22,11.4,169.4,987.4,84.6,10.9,27.8,2.4,1,10,2022-02-16T07:21:09,2022-02-16T16:43:32,0.5,"Snow, Rain, Partially cloudy",Partly cloudy throughout the day with rain or snow.,rain,"02486099999,02464099999,02469099999,02489099999,02484099999,E4931,ESSB"
Stockholm,2022-02-17,34,32.6,33.2,27.6,23.3,25,29.6,87.1,0.041,100,33.33,"rain,snow",0.2,0.1,26.3,15.7,323.8,972.3,95,13.9,23.5,2,1,10,2022-02-17T07:18:29,2022-02-17T16:46:04,0.53,"Snow, Rain, Overcast",Cloudy skies throughout the day with a chance of rain or snow throughout the day.,snow,"02486099999,02464099999,02469099999,02489099999,02484099999,E4931,ESSB"
Stockholm,2022-02-18,39.9,29.6,34.3,35.5,21.2,28.7,26.4,73.6,0,0,0,,0,0,23.2,14.3,249.9,983.6,21.9,18.2,61.9,5.3,3,10,2022-02-18T07:15:48,2022-02-18T16:48:36,0.56,Partially cloudy,Partly cloudy throughout the day.,partly-cloudy-day,"02486099999,02464099999,02469099999,02489099999,02484099999,E4931,ESSB"
Stockholm,2022-02-19,34.8,28.4,31.8,34.8,22.1,26,29.6,91.7,0.182,100,41.67,"rain,snow",1.3,1.1,17.9,11.3,298.7,984,54.9,13.1,26.3,2.2,1,10,2022-02-19T07:13:06,2022-02-19T16:51:08,0.6,"Snow, Rain, Partially cloudy",Partly cloudy throughout the day with rain or snow clearing later.,snow,"02486099999,02464099999,02469099999,02489099999,02484099999,E4931,ESSB"
Stockholm,2022-02-20,33.3,26.3,29.5,28.7,18.6,23.7,25.8,86.4,0,0,0,,0,1.4,15.7,8.9,226.5,992.3,59.7,16.6,58.4,5,3,10,2022-02-20T07:10:23,2022-02-20T16:53:39,0.63,Partially cloudy,Partly cloudy throughout the day.,partly-cloudy-day,"02486099999,02464099999,02469099999,02489099999,02484099999,E4931,ESSB"
Stockholm,2022-02-21,37.4,30.5,33.2,31.7,18.2,23.6,32.4,97,0.367,100,83.33,"rain,snow",1.5,2.3,35.6,19.5,59.2,973.6,88.5,3.9,25.5,2.2,2,10,2022-02-21T07:07:39,2022-02-21T16:56:10,0.67,"Snow, Rain, Partially cloudy",Partly cloudy throughout the day with a chance of rain or snow throughout the day.,snow,"02486099999,02464099999,02469099999,02489099999,02484099999,E4931,ESSB,F4490"
Stockholm,2022-02-22,30.3,22.6,25.4,24.7,11.2,17,21.1,83.6,0.004,100,8.33,snow,0.1,3.5,40.4,22,323.4,999,80.2,13,34.1,3.1,1,10,2022-02-22T07:04:54,2022-02-22T16:58:41,0.71,"Snow, Partially cloudy",Partly cloudy throughout the day with early morning snow.,snow,"02486099999,02464099999,02469099999,02489099999,02484099999,E4931,ESSB"
Stockholm,2022-02-23,36.8,22.4,29.9,29.1,17.4,25.7,25.2,82.5,0.009,100,16.67,"rain,snow",0,3.2,21.1,11.3,192.1,1006.5,66.8,15.5,42.4,3.6,2,10,2022-02-23T07:02:08,2022-02-23T17:01:11,0.75,"Snow, Rain, Partially cloudy",Partly cloudy throughout the day with morning rain or snow.,rain,"02486099999,02464099999,02469099999,02489099999,02484099999,E4931,ESSB"
Stockholm,2022-02-24,40.4,33.4,38.1,34.2,29.3,31.5,33.6,83.9,0.232,100,50,rain,0,2.5,35.7,17.7,192.8,998.5,85.3,12.1,22.5,2,1,10,2022-02-24T06:59:21,2022-02-24T17:03:41,0.78,"Rain, Partially cloudy",Partly cloudy throughout the day with rain.,rain,"02486099999,02464099999,02469099999,02489099999,02484099999,E4931,ESSB"
Stockholm,2022-02-25,39.4,32.5,35,33,24.1,29.7,29.8,82.2,0.165,100,29.17,snow,1.5,2.3,20.9,12.7,276.6,998.8,34.7,12.2,59.8,5.2,3,10,2022-02-25T06:56:33,2022-02-25T17:06:11,0.81,"Snow, Partially cloudy",Clearing in the afternoon with snow clearing later.,snow,"02486099999,02464099999,02469099999,02489099999,02484099999,E4931,ESSB"
Stockholm,2022-02-26,36.9,28.4,32.9,35.6,21.5,27.9,18.7,55.9,0,0,0,,0,2.1,14.6,7.6,270.5,1028.9,4.1,18.9,84.3,7.3,4,10,2022-02-26T06:53:45,2022-02-26T17:08:40,0.85,Clear,Clear conditions throughout the day.,clear-day,"02486099999,02464099999,02469099999,02489099999,02484099999,E4931,ESSB"
Stockholm,2022-02-27,43.9,33.3,38,38.6,27.4,32.2,24.6,58.3,0,0,0,,0,0.9,19.9,13.1,233.3,1034.3,38.3,17.9,74.6,6.4,3,10,2022-02-27T06:50:56,2022-02-27T17:11:09,0.88,Partially cloudy,Clearing in the afternoon.,partly-cloudy-day,"02486099999,02464099999,02469099999,02489099999,02484099999,E4931,ESSB"
Stockholm,2022-02-28,40.2,30.8,35.5,35.2,25.1,30.2,24,63,0,0,0,,0,0.7,16.5,9.7,225.6,1033.1,0,19.2,82.8,7.2,4,10,2022-02-28T06:48:06,2022-02-28T17:13:37,0.92,Clear,Clear conditions throughout the day.,clear-day,"02486099999,02464099999,02469099999,02489099999,02484099999,E4931,ESSB"
Stockholm,2022-03-01,45.3,32.8,37.8,41.2,26.6,32.2,23,55.9,0,0,0,,0,1.3,22.7,11.2,218.1,1027.9,28.9,16.8,82.8,7.1,4,10,2022-03-01T06:45:16,2022-03-01T17:16:05,0.95,Partially cloudy,Partly cloudy throughout the day.,partly-cloudy-day,"02486099999,02464099999,02469099999,02489099999,02484099999,E4931,ESSB"
Stockholm,2022-03-02,41.3,31.2,36.5,36.6,25.3,31.3,28.9,74.8,0,0,0,,0,0.8,17.3,10.5,265,1022.6,36,13.5,83.8,7.2,4,10,2022-03-02T06:42:25,2022-03-02T17:18:33,0,Partially cloudy,Clearing in the afternoon.,partly-cloudy-day,"02486099999,02464099999,02469099999,02489099999,02484099999,E4931,ESSB"
Stockholm,2022-03-03,40.2,29.4,35,33.4,21.9,29,24.8,66.4,0,0,0,,0,0.8,22.2,11.3,334.6,1022.9,14.4,18.7,88.8,7.6,4,10,2022-03-03T06:39:33,2022-03-03T17:21:00,0.02,Clear,Clear conditions throughout the day.,clear-day,"02486099999,02464099999,02469099999,02489099999,02484099999,E4931,ESSB"
Stockholm,2022-03-04,40.1,25.7,32,38.7,20.6,30,20.9,65.9,0,0,0,,0,0.7,11.2,5.7,340.7,1028.1,0,18.4,91.7,7.9,4,10,2022-03-04T06:36:41,2022-03-04T17:23:27,0.06,Clear,Clear conditions throughout the day.,clear-day,"02486099999,02464099999,02469099999,02489099999,02484099999,E4931,ESSB"
Stockholm,2022-03-05,40.2,25.6,32.7,33.9,20.1,28.4,20.3,61.3,0,0,0,,0,0.7,18.2,12.5,237.7,1024.6,0,18.9,96,8.2,4,10,2022-03-05T06:33:48,2022-03-05T17:25:53,0.09,Clear,Clear conditions throughout the day.,clear-day,"02486099999,02464099999,02469099999,02489099999,02484099999,E4931,ESSB"
Stockholm,2022-03-06,42.2,29.6,35.5,34.8,22.8,29.6,23.4,63,0,0,0,,0,0,20.9,14.5,282.3,1020.1,16.3,18.8,97.3,8.3,4,10,2022-03-06T06:30:55,2022-03-06T17:28:19,0.12,Clear,Clear conditions throughout the day.,clear-day,"02486099999,02464099999,02469099999,02489099999,02484099999,E4931,ESSB"
Stockholm,2022-03-07,43.9,32.2,38.7,41.4,27.5,34.9,27.1,63.4,0,0,0,,0,0,14.2,9.3,298.4,1021.5,25.2,21.4,104.6,8.9,4,10,2022-03-07T06:28:01,2022-03-07T17:30:45,0.15,Partially cloudy,Partly cloudy throughout the day.,partly-cloudy-day,"02486099999,02464099999,02469099999,02489099999,02484099999,E4931,ESSB"
Stockholm,2022-03-08,45.9,31.5,38.2,43.5,29.7,36.4,27.2,65.4,0,0,0,,0,0,11.2,7.4,272.2,1022.3,9.5,18.2,100,8.6,4,10,2022-03-08T06:25:07,2022-03-08T17:33:11,0.18,Clear,Clear conditions throughout the day.,clear-day,"02486099999,02464099999,02469099999,02489099999,02484099999,E4931,ESSB"
Stockholm,2022-03-09,45.8,30.2,35.9,45.8,26.9,32.7,29,76.4,0,0,0,,0,0,15.7,12.5,126.8,1028.8,33.8,16.9,85.6,7.5,4,10,2022-03-09T06:22:12,2022-03-09T17:35:36,0.22,Partially cloudy,Becoming cloudy in the afternoon.,partly-cloudy-day,"02486099999,02464099999,02469099999,02489099999,02484099999,E4931,ESSB,F4490"
Stockholm,2022-03-10,38.3,33.2,35.6,30.9,26.8,29.3,28.9,76.5,0,0,0,,0,0,25.3,12.5,181.9,1034.7,71.1,17.9,55.8,4.9,2,10,2022-03-10T06:19:17,2022-03-10T17:38:01,0.25,Partially cloudy,Partly cloudy throughout the day.,partly-cloudy-day,"02486099999,02464099999,02469099999,02489099999,02484099999,E4931,ESSB"
Stockholm,2022-03-11,44,28.9,35.7,39.1,22.4,31.2,23.9,63.6,0,0,0,,0,0,15.7,9.5,225,1031.9,0,16.4,116,10.1,4,10,2022-03-11T06:16:22,2022-03-11T17:40:25,0.28,Clear,Clear conditions throughout the day.,clear-day,"02486099999,02464099999,02469099999,02489099999,02484099999,E4931,ESSB"
Stockholm,2022-03-12,48.9,31.2,38.8,48.9,26.7,37.8,16,43.9,0,0,0,,0,0,8.9,6.6,228.7,1029,1.4,15,121.9,10.7,4,10,2022-03-12T06:13:26,2022-03-12T17:42:49,0.31,Clear,Clear conditions throughout the day.,clear-day,"02486099999,02464099999,02469099999,02489099999,02484099999,E4931,ESSB,F4490"
Stockholm,2022-03-13,52.2,30.4,40,52.2,30.4,39.7,14.4,45.5,0,0,0,,0,0,11.2,6.3,183,1029.1,0.1,13,127.9,11,4,10,2022-03-13T06:10:30,2022-03-13T17:45:13,0.34,Clear,Clear conditions throughout the day.,clear-day,"02486099999,02464099999,02469099999,02489099999,02484099999,E4931,ESSB"
Stockholm,2022-03-14,52,31.5,40.1,52,31.5,39.2,21.8,50.3,0,0,0,,0,0,14.5,9.2,172.1,1030.9,0,10,125.1,10.7,4,10,2022-03-14T06:07:34,2022-03-14T17:47:37,0.38,Clear,Clear conditions throughout the day.,clear-day,"02486099999,02464099999,02469099999,02489099999,02484099999,E4931,ESSB,F4490"
Stockholm,2022-03-15,49.1,29.4,37.4,45.3,29.4,34.5,28.8,73.8,0,0,0,,0,0,17.9,11.1,133.5,1028,0,6.7,131.4,11.3,4,10,2022-03-15T06:04:38,2022-03-15T17:50:01,0.41,Clear,Clear conditions throughout the day.,clear-day,"02486099999,02464099999,02469099999,02489099999,02484099999,E4931,ESSB"
Stockholm,2022-03-16,49.5,31,39.2,48.3,29.2,38.7,29.9,71.1,0,0,0,,0,0,10.6,5.1,208.4,1030.6,0.5,6.1,122.4,10.5,4,10,2022-03-16T06:01:41,2022-03-16T17:52:24,0.44,Clear,Clear conditions throughout the day.,clear-day,"02486099999,02464099999,02469099999,02489099999,02484099999,E4931,ESSB"
Stockholm,2022-03-17,46.6,28.3,36.4,40.6,23.6,31.3,28.6,74.7,0,0,0,,0,0,21.6,13.9,144.1,1034.2,24.7,9.2,109.5,9.4,4,10,2022-03-17T05:58:44,2022-03-17T17:54:47,0.47,Partially cloudy,Clearing in the afternoon.,partly-cloudy-day,"02486099999,02464099999,02469099999,02489099999,02484099999,E4931,ESSB"
Stockholm,2022-03-18,46.6,38.4,42.4,40.9,34.4,37.1,33.7,71.2,0.002,100,8.33,rain,0,0,22.3,13.3,237,1035.8,78.5,13.9,78.8,6.5,3,10,2022-03-18T05:55:47,2022-03-18T17:57:10,0.5,"Rain, Partially cloudy",Partly cloudy throughout the day with afternoon rain.,rain,"02486099999,02464099999,02469099999,02489099999,02484099999,E4931,ESSB,F4490"
Stockholm,2022-03-19,52.6,31.2,43,52.6,31.2,42.4,26,54.6,0,0,0,,0,0,16,11.1,241.9,1047.3,0,17.4,145,12.6,5,10,2022-03-19T05:52:49,2022-03-19T17:59:33,0.54,Clear,Clear conditions throughout the day.,clear-day,"02486099999,02464099999,02469099999,02489099999,02484099999,E4931,ESSB"
Stockholm,2022-03-20,58.3,34.5,45.2,58.3,34.5,44.8,25.3,47.3,0,0,0,,0,0,11,7.3,206.4,1044.9,0,18.2,147.9,13,5,10,2022-03-20T05:49:52,2022-03-20T18:01:56,0.58,Clear,Clear conditions throughout the day.,clear-day,"02486099999,02464099999,02469099999,02489099999,02484099999,E4931,ESSB"
Stockholm,2022-03-21,52.2,35.5,42.7,52.2,31.9,40.9,23.8,50.8,0,0,0,,0,0,16.8,10.9,194.5,1040.4,0,11.5,141,12.3,5,10,2022-03-21T05:46:55,2022-03-21T18:04:18,0.61,Clear,Clear conditions throughout the day.,clear-day,"02486099999,02464099999,02469099999,02489099999,02484099999,E4931,ESSB"
Stockholm,2022-03-22,53.1,32.5,42.9,53.1,32.5,41.5,24.5,50.2,0,0,0,,0,0,15.9,9.1,213.6,1033.5,1.7,9.3,134.5,11.6,5,10,2022-03-22T05:43:57,2022-03-22T18:06:40,0.65,Clear,Clear conditions throughout the day.,clear-day,"02486099999,02464099999,02469099999,02489099999,02484099999,E4931,ESSB"
Stockholm,2022-03-23,51.1,34.6,42.8,51.1,27.3,38.6,28.1,57.9,0,0,0,,0,0,23.4,16.4,277.9,1028,2.6,14.6,139.4,12,5,10,2022-03-23T05:40:59,2022-03-23T18:09:03,0.68,Clear,Clear conditions throughout the day.,clear-day,"02486099999,02464099999,02469099999,02489099999,02484099999,E4931,ESSB"
Stockholm,2022-03-24,56,35.8,45.6,56,33.7,44.1,31.1,57.8,0,0,0,,0,0,16.1,10.7,259.5,1023.1,0.4,15.9,142,12.1,5,10,2022-03-24T05:38:02,2022-03-24T18:11:25,0.72,Clear,Clear conditions throughout the day.,clear-day,"02486099999,02464099999,02469099999,02489099999,02484099999,E4931,ESSB"
Stockholm,2022-03-25,55.6,39.2,46.8,55.6,34.4,44.7,35,64.8,0,0,0,,0,0,24.6,15.6,260.8,1015.6,13.8,14.4,99,8.5,4,10,2022-03-25T05:35:04,2022-03-25T18:13:47,0.75,Clear,Clear conditions throughout the day.,clear-day,"02486099999,02464099999,02469099999,02489099999,02484099999,E4931,ESSB"
Stockholm,2022-03-26,47.8,32.4,41.1,41.5,28.7,34.1,18.5,40.9,0,0,0,,0,0,43,25,316.1,1021,15.3,17.5,115.2,10,4,10,2022-03-26T05:32:06,2022-03-26T18:16:09,0.79,Clear,Clear conditions throughout the day.,clear-day,"02486099999,02464099999,02469099999,02489099999,02484099999,E4931,ESSB"
Stockholm,2022-03-27,46.5,30.7,39.7,41.4,29.7,36.1,23.1,51.9,0,0,0,,0,0,21.9,15.4,231.4,1022.3,65.3,18.8,88.2,7.3,4,10,2022-03-27T06:29:09,2022-03-27T19:18:31,0.83,Partially cloudy,Partly cloudy throughout the day.,partly-cloudy-day,"02486099999,02464099999,02469099999,02489099999,02484099999,E4931,ESSB"
Stockholm,2022-03-28,53.3,34,46.5,53.3,27,40.8,25.1,45.1,0,0,0,snow,0,0,41.3,27.4,288.1,1002.6,28,17.6,111,9.6,4,10,2022-03-28T06:26:11,2022-03-28T19:20:53,0.86,Partially cloudy,Partly cloudy throughout the day.,partly-cloudy-day,"02486099999,02464099999,02469099999,02489099999,02484099999,E4931,ESSB"
Stockholm,2022-03-29,32.4,24.8,29.1,26.4,19.7,22.6,18,64.2,0.018,100,25,"rain,snow",0,0,21.4,11.2,336,1007.7,64,18,95.4,8.5,3,10,2022-03-29T06:23:14,2022-03-29T19:23:15,0.9,"Snow, Rain, Partially cloudy",Partly cloudy throughout the day with rain or snow.,rain,"02486099999,02464099999,02469099999,02489099999,02484099999,E4931,ESSB"
Stockholm,2022-03-30,36.9,22.5,29.4,31.6,15.6,24.4,12.1,49.6,0,0,0,,0,0,21.4,13.4,288,1007.6,14.2,18.5,159.1,13.9,6,10,2022-03-30T06:20:16,2022-03-30T19:25:37,0.93,Clear,Clear conditions throughout the day.,clear-day,"02486099999,02464099999,02469099999,02489099999,02484099999,E4931,ESSB"
Stockholm,2022-03-31,39.9,17.8,31,39.9,17.8,29.5,17.5,60.2,0.004,100,4.17,snow,0,0,14.5,6.6,102.5,1011.2,26.7,18,129.6,11.2,6,10,2022-03-31T06:17:19,2022-03-31T19:27:59,0.97,"Snow, Partially cloudy",Becoming cloudy in the afternoon with afternoon snow.,rain,"02486099999,02464099999,02469099999,02489099999,02484099999,E4931,ESSB"
Stockholm,2022-04-01,37.2,24.5,30.2,33.6,23.9,27.9,23.1,75.7,0.065,100,41.67,"rain,snow",0,0,13.4,8.4,39.5,1017.7,61.5,15.8,95.8,8.2,4,10,2022-04-01T06:14:22,2022-04-01T19:30:21,0,"Snow, Rain, Partially cloudy",Partly cloudy throughout the day with rain or snow.,rain,"02486099999,02464099999,02469099999,02489099999,02484099999,E4931,ESSB"
Stockholm,2022-04-02,39.1,22.5,32.2,34.7,22.5,29.7,16.7,55.9,0,0,0,,0,0,16.9,10,272,1016.6,7.5,16.9,175.6,15.2,6,10,2022-04-02T06:11:25,2022-04-02T19:32:43,0.04,Clear,Clear conditions throughout the day.,clear-day,"02486099999,02464099999,02469099999,02489099999,02484099999,E4931,ESSB"
Stockholm,2022-04-03,44.6,29.7,37.2,38.3,25.7,32.8,18.6,48.2,0,0,0,,0,0,23.1,13.3,255.7,1007.1,18.5,18.9,152.5,13.1,6,10,2022-04-03T06:08:28,2022-04-03T19:35:05,0.07,Clear,Clear conditions throughout the day.,clear-day,"02486099999,02464099999,02469099999,02489099999,02484099999,E4931,ESSB"
Stockholm,2022-04-04,39.3,32,36.1,34.1,21.5,30.9,30.7,82.3,0.326,100,70.83,"rain,snow",0.6,0.1,23,15.3,189.8,987,88.5,10.3,49.3,4.2,2,10,2022-04-04T06:05:32,2022-04-04T19:37:27,0.1,"Snow, Rain, Partially cloudy",Partly cloudy throughout the day with a chance of rain or snow throughout the day.,snow,"02486099999,02464099999,02469099999,02489099999,02484099999,E4931,ESSB"
Stockholm,2022-04-05,35.7,27.2,30.5,26.4,14.2,20.1,23.3,76.4,0.048,100,45.83,"rain,snow",0.4,0.6,35.2,19.2,303.9,984.5,62.3,13.7,116.7,10.3,6,10,2022-04-05T06:02:36,2022-04-05T19:39:49,0.13,"Snow, Rain, Partially cloudy",Partly cloudy throughout the day with rain or snow.,snow,"02486099999,02464099999,02469099999,02489099999,02484099999,E4931,ESSB"
Stockholm,2022-04-06,42.8,27.7,34.8,38.2,19.6,27.9,18.3,52.7,0,0,0,,0,0.4,20.5,14.5,246.7,989.9,28.7,18.4,161.3,13.9,5,10,2022-04-06T05:59:40,2022-04-06T19:42:11,0.17,Partially cloudy,Becoming cloudy in the afternoon.,partly-cloudy-day,"02486099999,02464099999,02469099999,02489099999,02484099999,E4931,ESSB"
Stockholm,2022-04-07,40.3,32.3,34.7,33,24.4,28.5,32.1,90.1,0.269,100,66.67,"rain,snow",0.3,0.1,32.6,15.6,71.1,981.5,95.9,11.2,39,3.3,2,10,2022-04-07T05:56:44,2022-04-07T19:44:34,0.2,"Snow, Rain, Overcast",Cloudy skies throughout the day with a chance of rain or snow throughout the day.,snow,"02486099999,02464099999,02469099999,02489099999,02484099999,E4931,ESSB,F4490"
Stockholm,2022-04-08,40.4,30.3,35,34.8,19.3,26.7,31.8,88.3,0.268,100,50,"rain,snow",0.2,0,34.4,18.7,222,970.3,97,11.3,48.2,4.3,2,10,2022-04-08T05:53:49,2022-04-08T19:46:56,0.23,"Snow, Rain, Overcast",Cloudy skies throughout the day with rain or snow.,snow,"02486099999,02464099999,02469099999,02489099999,02484099999,E4931,ESSB"
Stockholm,2022-04-09,36.8,28.1,32.6,30.1,18.4,24.5,27,80,0.015,100,20.83,snow,0,0.5,27.5,13.1,231.1,982.3,45,15.1,98.7,8.5,4,10,2022-04-09T05:50:54,2022-04-09T19:49:19,0.25,"Snow, Partially cloudy",Partly cloudy throughout the day with snow in the morning and afternoon.,rain,"02486099999,02464099999,02469099999,02489099999,02484099999,E4931,ESSB"
Stockholm,2022-04-10,46.5,32.9,40.2,41.4,26.8,34.5,28.6,65.1,0.018,100,4.17,rain,0,0.6,26.8,14.3,249.8,995.5,48.3,18.9,158.8,13.9,6,10,2022-04-10T05:48:00,2022-04-10T19:51:42,0.29,"Rain, Partially cloudy",Partly cloudy throughout the day with morning rain.,rain,"02486099999,02464099999,02469099999,02489099999,02484099999,E4931,ESSB"
Stockholm,2022-04-11,50.2,35.7,43.4,50.2,33.2,40.2,21.7,44,0,0,0,rain,0,0.3,16.8,11.6,270,1009.8,1.3,17.7,199.8,17.3,6,10,2022-04-11T05:45:06,2022-04-11T19:54:04,0.33,Clear,Clear conditions throughout the day.,clear-day,"02486099999,02464099999,02469099999,02489099999,02484099999,E4931,ESSB"
Stockholm,2022-04-12,51.8,33.6,43.3,51.8,33.6,42.5,23.8,46.7,0,0,0,,0,0,15.7,8.5,275.6,1019.8,16.5,14.5,196.5,17.1,6,10,2022-04-12T05:42:12,2022-04-12T19:56:27,0.36,Clear,Clear conditions throughout the day.,clear-day,"02486099999,02464099999,02469099999,02489099999,02484099999,E4931,ESSB"
Stockholm,2022-04-13,50,38.1,43.2,50,37.1,41.1,26.6,53.2,0.002,100,4.17,rain,0,0,18.6,10.5,148,1023.5,88.2,8.9,95.8,8.3,4,10,2022-04-13T05:39:19,2022-04-13T19:58:50,0.39,"Rain, Partially cloudy",Partly cloudy throughout the day with late afternoon rain.,rain,"02486099999,02464099999,02469099999,02489099999,02484099999,E4931,ESSB"
Stockholm,2022-04-14,42.1,38.6,40.1,38,32.6,35.3,36.8,88.1,0.112,100,41.67,"rain,snow",0,0,17.4,8.9,79.8,1018.3,95.2,6.2,31.2,2.6,1,10,2022-04-14T05:36:27,2022-04-14T20:01:14,0.42,"Snow, Rain, Overcast",Cloudy skies throughout the day with a chance of rain or snow throughout the day.,rain,"02486099999,02464099999,02469099999,02489099999,02484099999,E4931,ESSB"
Stockholm,2022-04-15,48.4,36.1,41.7,43.1,29.6,36.3,26.8,59.2,0.002,100,4.17,rain,0,0,29.3,16.7,6.7,1028.2,47.9,9,200.3,17.4,6,10,2022-04-15T05:33:35,2022-04-15T20:03:37,0.46,"Rain, Partially cloudy",Partly cloudy throughout the day with morning rain.,rain,"02486099999,02464099999,02469099999,02489099999,02484099999,E4931,ESSB"
Stockholm,2022-04-16,55.8,32.2,43.3,55.8,31.6,42.1,21,43.4,0,0,0,,0,0,14,9.7,217.7,1032.9,39.7,8.8,203.7,17.5,7,10,2022-04-16T05:30:43,2022-04-16T20:06:00,0.5,Partially cloudy,Becoming cloudy in the afternoon.,partly-cloudy-day,"02486099999,02464099999,02469099999,02489099999,02484099999,E4931,ESSB"
Stockholm,2022-04-17,58.4,41.1,48.6,58.4,41.1,48.5,29.1,47.2,0,0,0,rain,0,0,15.6,9.9,184.2,1028.6,47.8,8.4,206.8,17.9,7,10,2022-04-17T05:27:52,2022-04-17T20:08:24,0.52,Partially cloudy,Clearing in the afternoon.,partly-cloudy-day,"02486099999,02464099999,02469099999,02484099999,E4931,ESSB"
Stockholm,2022-04-18,65.1,39.8,51.8,65.1,39.8,51.7,33.4,52.6,0,0,0,,0,0,13.9,8.8,237.1,1021.8,40.7,8.4,207.8,17.9,6,10,2022-04-18T05:25:02,2022-04-18T20:10:48,0.56,Partially cloudy,Partly cloudy throughout the day.,partly-cloudy-day,"02486099999,02464099999,02469099999,02484099999,E4931,ESSB"
Stockholm,2022-04-19,58.8,40.1,49,58.8,35.7,47.4,31.4,52.6,0,0,0,,0,0,13.9,11.2,105.5,1022.5,11.6,8.4,221.7,19.1,6,10,2022-04-19T05:22:12,2022-04-19T20:13:12,0.59,Clear,Clear conditions throughout the day.,clear-day,"02486099999,02464099999,02469099999,02484099999,E4931,ESSB"
Stockholm,2022-04-20,55.2,38.7,48.1,55.2,37.7,47.6,33.2,58,0,0,0,,0,0,25.1,14.5,58.1,1024.6,30.8,8.2,223.3,19.3,6,10,2022-04-20T05:19:24,2022-04-20T20:15:35,0.63,Partially cloudy,Partly cloudy throughout the day.,partly-cloudy-day,"02486099999,02464099999,02469099999,02484099999,E4931,ESSB"
Stockholm,2022-04-21,55.7,43.7,50.1,55.7,39.8,48.6,34.9,56.6,0,0,0,,0,0,21.2,12,54.7,1023.9,19.9,8.3,229.8,19.7,7,10,2022-04-21T05:16:36,2022-04-21T20:17:59,0.66,Clear,Clear conditions throughout the day.,clear-day,"02486099999,02464099999,02469099999,02484099999,E4931,ESSB"
Stockholm,2022-04-22,58.5,38.1,48.8,58.5,36.1,47.8,33.6,58.4,0,0,0,,0,0,20,11.1,35,1022,0.7,7.9,233.5,20.3,7,10,2022-04-22T05:13:48,2022-04-22T20:20:23,0.7,Clear,Clear conditions throughout the day.,clear-day,"02486099999,02464099999,02469099999,02484099999,E4931,ESSB,F4490"
Stockholm,2022-04-23,52.3,37.6,44.8,52.3,30.9,40.9,33.6,65.9,0,0,0,rain,0,0,26.3,16.6,0.8,1018.6,59.1,8.4,162.7,14.2,5,10,2022-04-23T05:11:02,2022-04-23T20:22:47,0.75,Partially cloudy,Partly cloudy throughout the day.,partly-cloudy-day,"02486099999,02464099999,02469099999,02484099999,E4931,ESSB,F4490"
Stockholm,2022-04-24,49.5,38.5,43,43.5,33.5,37.9,29.2,59.9,0,0,0,,0,0,27.9,17.5,12.3,1017.2,47,8.4,208.5,18,7,10,2022-04-24T05:08:16,2022-04-24T20:25:11,0.77,Partially cloudy,Partly cloudy throughout the day.,partly-cloudy-day,"02486099999,02464099999,02469099999,02484099999,E4931,ESSB,F4490"
Stockholm,2022-04-25,57.4,33.8,45.6,57.4,30,43.5,28.2,53.7,0,0,0,,0,0,17.3,10.3,310.4,1011.9,12.4,8.6,231.5,19.9,6,10,2022-04-25T05:05:32,2022-04-25T20:27:36,0.81,Clear,Clear conditions throughout the day.,clear-day,"02486099999,02464099999,02469099999,02489099999,02484099999,E4931,ESSB"
Stockholm,2022-04-26,50.3,38.9,45.2,50.3,35.8,41.7,25.5,46.9,0,0,0,rain,0,0,19.9,11.8,353.4,1016.4,63.7,9.4,206,17.6,7,10,2022-04-26T05:02:48,2022-04-26T20:30:00,0.84,Partially cloudy,Becoming cloudy in the afternoon.,partly-cloudy-day,"02486099999,02464099999,02469099999,02489099999,02484099999,E4931,ESSB"
Stockholm,2022-04-27,48.3,35.8,40.8,44.1,30.3,37.2,22.6,50.1,0,0,0,,0,0,19.2,12.6,258.9,1025.5,58.2,8.9,180.4,15.6,6,10,2022-04-27T05:00:05,2022-04-27T20:32:24,0.88,Partially cloudy,Partly cloudy throughout the day.,partly-cloudy-day,"02486099999,02464099999,02469099999,02489099999,02484099999,E4931,ESSB"
Stockholm,2022-04-28,54.9,35,44.5,54.9,30.9,42.7,26.8,53.8,0,0,0,rain,0,0,24.9,16.3,274.5,1023.6,54,8.6,156.5,13.2,5,10,2022-04-28T04:57:23,2022-04-28T20:34:48,0.91,Partially cloudy,Partly cloudy throughout the day.,partly-cloudy-day,"02486099999,02464099999,02469099999,02489099999,02484099999,E4931,ESSB"
Stockholm,2022-04-29,50.5,35.1,42.8,50.5,32.5,40,23.3,48.5,0,0,0,,0,0,16.9,10.2,309.8,1027.4,36.6,9,221.9,19.2,6,10,2022-04-29T04:54:43,2022-04-29T20:37:12,0.95,Partially cloudy,Partly cloudy throughout the day.,partly-cloudy-day,"02486099999,02464099999,02469099999,02489099999,02484099999,E4931,ESSB"
Stockholm,2022-04-30,54,35.8,46.3,54,35.4,45.4,30.3,55.3,0,0,0,rain,0,0,16,10.3,212.9,1024.6,58.4,8.7,192.2,16.4,7,10,2022-04-30T04:52:03,2022-04-30T20:39:35,0,Partially cloudy,Partly cloudy throughout the day.,partly-cloudy-day,"02486099999,02464099999,02469099999,02489099999,02484099999,E4931,ESSB"
Stockholm,2022-05-01,55.2,43.7,48.7,55.2,40.2,47.9,29.2,49,0,0,0,,0,0,19.1,9.4,298.6,1021.5,53,8.6,200.2,17.2,6,10,2022-05-01T04:49:25,2022-05-01T20:41:59,0.02,Partially cloudy,Partly cloudy throughout the day.,partly-cloudy-day,"02486099999,02464099999,02469099999,02489099999,02484099999,E4931,ESSB"
Stockholm,2022-05-02,61.5,41.7,52.2,61.5,38.4,51.1,30.9,45.9,0.002,100,4.17,rain,0,0,32.5,21.9,252.9,1011,36.8,8.8,195,16.6,6,10,2022-05-02T04:46:48,2022-05-02T20:44:22,0.05,"Rain, Partially cloudy",Partly cloudy throughout the day with late afternoon rain.,rain,"02486099999,02464099999,02469099999,02489099999,02484099999,E4931,ESSB"
Stockholm,2022-05-03,51.4,38.8,45.7,51.4,33.6,41.1,19.3,36.8,0,0,0,,0,0,34.3,16.8,314.1,1013.6,23.3,8.8,239.4,20.5,7,10,2022-05-03T04:44:12,2022-05-03T20:46:45,0.08,Partially cloudy,Partly cloudy throughout the day.,partly-cloudy-day,"02486099999,02464099999,02469099999,02489099999,02484099999,E4931,ESSB"
Stockholm,2022-05-04,55.7,34.7,45.7,55.7,34.7,44.6,24.8,48.9,0,0,0,,0,0,21.3,14.3,182.6,1019.3,34.3,8.6,250.1,21.7,8,10,2022-05-04T04:41:38,2022-05-04T20:49:08,0.12,Partially cloudy,Clearing in the afternoon.,partly-cloudy-day,"02486099999,02464099999,02469099999,02489099999,02484099999,E4931,ESSB"
Stockholm,2022-05-05,63.3,46.6,54.4,63.3,42.1,53.2,36.8,52.4,0.001,100,4.17,rain,0,0,19.5,12.3,206.7,1015.8,49.5,8.7,238.7,20.4,7,10,2022-05-05T04:39:05,2022-05-05T20:51:31,0.15,"Rain, Partially cloudy",Clearing in the afternoon with early morning rain.,rain,"02486099999,02464099999,02469099999,02489099999,02484099999,E4931,ESSB"
Stockholm,2022-05-06,65.7,46.9,55.9,65.7,45.3,55.6,40.1,57.7,0,0,0,,0,0,18.3,9.7,228.4,1016.5,15.8,8.1,241.5,20.7,7,10,2022-05-06T04:36:34,2022-05-06T20:53:53,0.18,Clear,Clear conditions throughout the day.,clear-day,"02486099999,02464099999,02469099999,02489099999,02484099999,E4931,ESSB"
Stockholm,2022-05-07,53.5,43.9,50,53.5,39.1,48.6,42.3,75.9,0.099,100,29.17,rain,0,0,27.6,13.8,268,1014.7,65.5,7.8,99.9,8.8,4,10,2022-05-07T04:34:04,2022-05-07T20:56:14,0.21,"Rain, Partially cloudy",Partly cloudy throughout the day with rain in the morning and afternoon.,rain,"02486099999,02464099999,02469099999,02489099999,02484099999,E4931,ESSB"
Stockholm,2022-05-08,53.6,41.1,46.7,53.6,38.3,44.2,24.2,43.8,0,0,0,,0,0,24,15.1,304.5,1025.9,30.8,8.6,230.6,20,6,10,2022-05-08T04:31:35,2022-05-08T20:58:36,0.25,Partially cloudy,Partly cloudy throughout the day.,partly-cloudy-day,"02486099999,02464099999,02469099999,02489099999,02484099999,E4931,ESSB"
Stockholm,2022-05-09,62.4,39.7,50.7,62.4,36.4,49.7,32.8,53.2,0,0,0,,0,0,25.1,14.7,192.2,1027.4,11.2,8.6,251.8,21.8,7,10,2022-05-09T04:29:08,2022-05-09T21:00:56,0.25,Clear,Clear conditions throughout the day.,clear-day,"02486099999,02464099999,02469099999,02489099999,02484099999,E4931,ESSB"
Stockholm,2022-05-10,62.1,44.9,52.5,62.1,42.8,51.9,38.1,60.1,0.036,100,25,rain,0,0,28,17.5,179.7,1014.9,53.7,8.3,152,13.2,4,10,2022-05-10T04:26:43,2022-05-10T21:03:16,0.31,"Rain, Partially cloudy",Partly cloudy throughout the day with late afternoon rain.,rain,"02486099999,02464099999,02469099999,02489099999,02484099999,E4931,ESSB"
Stockholm,2022-05-11,63,49,54.1,63,44.8,53.1,44.7,73.1,0.155,100,33.33,rain,0,0,24.3,15.1,235,1002.6,74,7.7,179.6,15.6,6,10,2022-05-11T04:24:20,2022-05-11T21:05:35,0.34,"Rain, Partially cloudy",Partly cloudy throughout the day with rain.,rain,"02486099999,02464099999,02469099999,02489099999,02484099999,E4931,ESSB"
Stockholm,2022-05-12,61.9,47.6,53.9,61.9,44.5,53,41.3,65.2,0,0,0,,0,0,31.7,20.1,254,998.2,49.7,10,235.1,20.5,7,10,2022-05-12T04:21:59,2022-05-12T21:07:54,0.38,Partially cloudy,Partly cloudy throughout the day.,partly-cloudy-day,"02486099999,02464099999,02469099999,02489099999,02484099999,E4931,ESSB"
Stockholm,2022-05-13,62.3,46.5,54.2,62.3,41.9,53.2,37.6,55.3,0,0,0,rain,0,0,22.2,14.2,254.7,1004.2,61.7,8.7,225.6,19.5,8,10,2022-05-13T04:19:40,2022-05-13T21:10:11,0.41,Partially cloudy,Partly cloudy throughout the day.,partly-cloudy-day,"02486099999,02464099999,02469099999,02489099999,02484099999,E4931,ESSB"
Stockholm,2022-05-14,60.8,47.6,52.4,60.8,44.7,51.5,44.3,75.2,0.151,100,50,rain,0,0,27.5,16.4,264.6,1004.8,76.8,8,163.8,14.2,7,10,2022-05-14T04:17:22,2022-05-14T21:12:28,0.44,"Rain, Partially cloudy",Partly cloudy throughout the day with a chance of rain throughout the day.,rain,"02486099999,02464099999,02469099999,02489099999,02484099999,E4931,ESSB"
Stockholm,2022-05-15,61.6,45.3,52.2,61.6,42.1,51.7,34.5,55.3,0,0,0,,0,0,25,17.2,304.2,1015.1,50.2,7.6,252.5,21.8,7,10,2022-05-15T04:15:07,2022-05-15T21:14:43,0.48,Partially cloudy,Partly cloudy throughout the day.,partly-cloudy-day,"02486099999,02464099999,02469099999,02489099999,02484099999,E4931,ESSB"
Stockholm,2022-05-16,57,42.6,49.2,57,38.5,47.6,30.2,49.3,0,0,0,,0,0,21,12,324.4,1021.1,33.7,8.9,222,19.3,7,10,2022-05-16T04:12:54,2022-05-16T21:16:58,0.5,Partially cloudy,Becoming cloudy in the afternoon.,partly-cloudy-day,"02486099999,02464099999,02469099999,02489099999,02484099999,E4931,ESSB,F4490"
Stockholm,2022-05-17,54.1,41,47.8,54.1,36.3,46.3,30.2,52.6,0,0,0,,0,0,20.7,11.6,352.1,1025.4,36.7,8.8,304.2,26.5,8,10,2022-05-17T04:10:43,2022-05-17T21:19:11,0.54,Partially cloudy,Partly cloudy throughout the day.,partly-cloudy-day,"02486099999,02464099999,02469099999,02489099999,02484099999,E4931,ESSB,F4490"
Stockholm,2022-05-18,69.3,42.2,56.6,69.3,38.5,55.4,32.8,46.3,0,0,0,rain,0,0,23.1,16.3,250.3,1023.4,36.6,8.8,274,23.6,7,10,2022-05-18T04:08:35,2022-05-18T21:21:23,0.58,Partially cloudy,Becoming cloudy in the afternoon.,partly-cloudy-day,"02486099999,02464099999,02469099999,02489099999,02484099999,E4931,ESSB"
Stockholm,2022-05-19,73.1,53,62,73.1,53,62,42.9,51,0.018,100,8.33,rain,0,0,16.4,12.1,236.5,1016.7,75.2,8.6,265.8,22.9,7,10,2022-05-19T04:06:29,2022-05-19T21:23:33,0.61,"Rain, Partially cloudy",Partly cloudy throughout the day with late afternoon rain.,rain,"02486099999,02464099999,02469099999,02489099999,02484099999,E4931,ESSB,F4490"
Stockholm,2022-05-20,53,45,50.2,53,42.1,48.9,45.6,85.1,0.335,100,58.33,rain,0,0,16.9,13.5,56.3,1014.4,77.6,7.3,77.2,6.7,3,10,2022-05-20T04:04:25,2022-05-20T21:25:42,0.65,"Rain, Partially cloudy",Partly cloudy throughout the day with a chance of rain throughout the day.,rain,"02486099999,02464099999,02469099999,02489099999,02484099999,E4931,ESSB"
Stockholm,2022-05-21,56.6,43.8,50.3,56.6,40.3,49.2,35.1,57.8,0,0,0,,0,0,20,11.7,55.5,1011.4,58.7,8.8,156.4,13.5,5,10,2022-05-21T04:02:24,2022-05-21T21:27:49,0.68,Partially cloudy,Partly cloudy throughout the day.,partly-cloudy-day,"02486099999,02464099999,02469099999,02489099999,02484099999,E4931,ESSB,F4490"
Stockholm,2022-05-22,59.4,44.9,51.8,59.4,44.9,51.5,29,44.8,0,0,0,,0,0,14.1,10.7,87.6,1013.8,74.7,8.6,231,19.9,7,10,2022-05-22T04:00:26,2022-05-22T21:29:54,0.75,Partially cloudy,Partly cloudy throughout the day.,partly-cloudy-day,"02486099999,02464099999,02469099999,02489099999,02484099999,E4931,ESSB,F4490"
Stockholm,2022-05-23,65.4,44.1,54.7,65.4,44.1,54.6,28.4,37.5,0,0,0,,0,0,16.7,11.9,143.6,1013,8.3,8.7,296.2,25.6,8,10,2022-05-23T03:58:31,2022-05-23T21:31:58,0.75,Clear,Clear conditions throughout the day.,clear-day,"02486099999,02464099999,02469099999,02489099999,02484099999,E4931,ESSB"
Stockholm,2022-05-24,66.1,44.1,56.2,66.1,42.3,55.8,38.2,53.3,0,0,0,,0,0,23.4,19.6,126.7,1009.9,14.9,8.4,288.4,25,7,10,2022-05-24T03:56:39,2022-05-24T21:34:00,0.79,Clear,Clear conditions throughout the day.,clear-day,"02486099999,02464099999,02469099999,02489099999,02484099999,E4931,ESSB"
Stockholm,2022-05-25,66.1,51.9,58.4,66.1,51.9,58.4,47.6,69,0.018,100,16.67,rain,0,0,19.5,13.3,189.4,1006.8,73.5,7.9,226,19.4,7,10,2022-05-25T03:54:49,2022-05-25T21:35:59,0.82,"Rain, Partially cloudy",Partly cloudy throughout the day with rain.,rain,"02486099999,02464099999,02469099999,02489099999,02484099999,E4931,ESSB"
Stockholm,2022-05-26,60.3,42.7,54.6,60.3,42.7,54.6,44.8,70.8,0.073,100,25,rain,0,0,20.3,10,214.7,1002.2,51.6,8.1,206.3,17.8,7,10,2022-05-26T03:53:03,2022-05-26T21:37:56,0.86,"Rain, Partially cloudy",Partly cloudy throughout the day with rain.,rain,"02486099999,02464099999,02469099999,02489099999,02484099999,E4931,ESSB,F4490"
Stockholm,2022-05-27,57.9,48.8,52,57.9,45.1,51.4,46.9,83.6,0.074,100,37.5,rain,0,0,22.6,14.6,269,996.8,84.7,8.5,149.2,12.9,6,10,2022-05-27T03:51:20,2022-05-27T21:39:51,0.89,"Rain, Partially cloudy",Partly cloudy throughout the day with a chance of rain throughout the day.,rain,"02486099999,02464099999,02469099999,02489099999,02484099999,E4931,ESSB,F4490"
Stockholm,2022-05-28,50.7,48.7,49.7,50.7,45.8,48.2,47.3,91.6,0.219,100,83.33,rain,0,0,17.9,9.1,318.3,999.6,94.3,7.5,82.5,7,2,10,2022-05-28T03:49:41,2022-05-28T21:41:43,0.93,"Rain, Overcast",Cloudy skies throughout the day with a chance of rain throughout the day.,rain,"02486099999,02464099999,02469099999,02489099999,02484099999,E4931,ESSB"
Stockholm,2022-05-29,56.6,47.4,51.6,56.6,44,50.4,42.9,73,0.015,100,12.5,rain,0,0,14.2,7.6,311,1007.5,73.5,9,172.6,14.9,5,10,2022-05-29T03:48:04,2022-05-29T21:43:33,0.96,"Rain, Partially cloudy",Partly cloudy throughout the day with early morning rain.,rain,"02486099999,02464099999,02469099999,02489099999,02484099999,E4931,ESSB,F4490"
Stockholm,2022-05-30,61.2,44.5,52.7,61.2,44.5,52.7,43.1,71.6,0,0,0,rain,0,0,13.7,8.6,77,1014.7,48.5,8,284.8,24.5,8,10,2022-05-30T03:46:32,2022-05-30T21:45:19,0,Partially cloudy,Partly cloudy throughout the day.,partly-cloudy-day,"02486099999,02464099999,02469099999,02489099999,02484099999,E4931,ESSB,F4490"
Stockholm,2022-05-31,55.1,47.6,51.7,55.1,44.7,50.9,49,90.6,0.339,100,91.67,rain,0,0,15.7,9.7,318.1,1010.1,87.8,7,76.9,6.4,3,10,2022-05-31T03:45:03,2022-05-31T21:47:03,0.03,"Rain, Partially cloudy",Partly cloudy throughout the day with a chance of rain throughout the day.,rain,"02486099999,02464099999,02469099999,02489099999,02484099999,E4931,ESSB,F4490"
Stockholm,2022-06-01,64.5,51.4,56.6,64.5,51.4,56.6,47.9,74.9,0.126,100,54.17,rain,0,0,21.4,16.2,169.4,1011,70.2,8,294.1,25.2,8,10,2022-06-01T03:43:38,2022-06-01T21:48:44,0.06,"Rain, Partially cloudy",Partly cloudy throughout the day with rain.,rain,"02486099999,02464099999,02469099999,02489099999,02484099999,E4931,ESSB,F4490"
Stockholm,2022-06-02,54.4,49.5,51.4,54.4,44.8,50.1,50.2,95.9,1.006,100,79.17,rain,0,0,20.2,14.5,290.2,1009,88.7,6.3,35,2.7,1,10,2022-06-02T03:42:17,2022-06-02T21:50:21,0.1,"Rain, Partially cloudy",Partly cloudy throughout the day with a chance of rain throughout the day.,rain,"02486099999,02464099999,02469099999,02489099999,02484099999,E4931,ESSB,F4490"
Stockholm,2022-06-03,66.3,50.8,57.5,66.3,50.8,57.5,50.2,77.8,0.135,100,20.83,rain,0,0,17.4,10.9,234,1012.9,42.1,7.7,227.8,19.5,8,10,2022-06-03T03:40:59,2022-06-03T21:51:56,0.13,"Rain, Partially cloudy",Partly cloudy throughout the day with rain.,rain,"02486099999,02464099999,02469099999,02489099999,02484099999,E4931,ESSB,F4490"
Stockholm,2022-06-04,70,52.8,61,70,52.8,61,48.5,66.3,0,0,0,rain,0,0,15.5,9.5,279.4,1017.5,53.8,8.3,294.8,25.3,9,10,2022-06-04T03:39:46,2022-06-04T21:53:26,0.16,Partially cloudy,Partly cloudy throughout the day.,partly-cloudy-day,"02486099999,02464099999,02469099999,02489099999,02484099999,E4931,ESSB,F4490"
Stockholm,2022-06-05,72.3,55.1,62,72.3,55.1,62,45.8,56.4,0,0,0,,0,0,20.6,12.1,251.3,1018.8,42.4,8,275.6,23.7,7,10,2022-06-05T03:38:37,2022-06-05T21:54:53,0.2,Partially cloudy,Partly cloudy throughout the day.,partly-cloudy-day,"02486099999,02464099999,02469099999,02489099999,02484099999,E4931,ESSB"
Stockholm,2022-06-06,64.2,52.5,57.7,64.2,52.5,57.7,38.7,50.6,0,0,0,,0,0,22.2,15.2,106.8,1020.3,61.2,8.7,242,20.9,7,10,2022-06-06T03:37:33,2022-06-06T21:56:16,0.23,Partially cloudy,Partly cloudy throughout the day.,partly-cloudy-day,"02486099999,02464099999,02469099999,02489099999,02484099999,E4931,ESSB"
Stockholm,2022-06-07,67.9,50.2,58.6,67.9,50.2,58.6,47,66.8,0.016,100,8.33,rain,0,0,13.9,9.1,91,1013.6,77.7,8.2,141.2,12.3,5,10,2022-06-07T03:36:33,2022-06-07T21:57:36,0.25,"Rain, Partially cloudy",Partly cloudy throughout the day with afternoon rain.,rain,"02486099999,02464099999,02469099999,02489099999,02484099999,E4931,ESSB,F4490"
Stockholm,2022-06-08,69.3,55.7,61.6,69.3,55.7,61.6,50.9,70.1,0.013,100,12.5,rain,0,0,22.2,14.2,174,1006.7,71.8,7.6,269.5,23.1,7,10,2022-06-08T03:35:37,2022-06-08T21:58:51,0.3,"Rain, Partially cloudy",Partly cloudy throughout the day with rain.,rain,"02486099999,02464099999,02469099999,02489099999,02484099999,E4931,ESSB,F4490"
Stockholm,2022-06-09,71.1,55.6,63.1,71.1,55.6,63.1,50.7,65,0,0,0,,0,0,20.6,13.9,252.3,1009.9,51.6,8.6,260.5,22.6,7,10,2022-06-09T03:34:46,2022-06-09T22:00:02,0.33,Partially cloudy,Partly cloudy throughout the day.,partly-cloudy-day,"02486099999,02464099999,02469099999,02489099999,02484099999,E4931,ESSB"
Stockholm,2022-06-10,74.1,56.9,64.6,74.1,56.9,64.6,52.6,65.9,0.092,100,20.83,rain,0,0,16.4,9.5,179.1,1015,58.9,8.1,224.3,19.2,7,10,2022-06-10T03:34:00,2022-06-10T22:01:09,0.36,"Rain, Partially cloudy",Partly cloudy throughout the day with rain.,rain,"02486099999,02464099999,02469099999,02489099999,02484099999,E4931,ESSB,F4490"
Stockholm,2022-06-11,69.7,55.3,63.4,69.7,55.3,63.4,51.3,66,0,0,0,rain,0,0,18.3,11,220.7,1015.4,37.9,8.1,234.5,20,7,10,2022-06-11T03:33:18,2022-06-11T22:02:11,0.4,Partially cloudy,Partly cloudy throughout the day.,partly-cloudy-day,"02486099999,02464099999,02469099999,02489099999,02484099999,E4931,ESSB"
Stockholm,2022-06-12,71.1,55.9,61.9,71.1,55.9,61.9,47,59.2,0.163,100,12.5,rain,0,0,29,13.7,239.6,1011.9,27.8,7.7,246.3,21.3,7,10,2022-06-12T03:32:41,2022-06-12T22:03:09,0.43,"Rain, Partially cloudy",Partly cloudy throughout the day with rain.,rain,"02486099999,02464099999,02469099999,02489099999,02484099999,E4931,ESSB"
Stockholm,2022-06-13,68.2,53.8,60.7,68.2,53.8,60.7,47,62.1,0.001,100,4.17,rain,0,0,20.5,15.1,239.2,1007.5,50.6,8.3,202.9,17.4,5,10,2022-06-13T03:32:09,2022-06-13T22:04:02,0.46,"Rain, Partially cloudy",Partly cloudy throughout the day with afternoon rain.,rain,"02486099999,02464099999,02469099999,02489099999,02484099999,E4931,ESSB"
Stockholm,2022-06-14,67.6,54.4,60.4,67.6,54.4,60.4,49.4,67.6,0.118,100,25,rain,0,0,18.5,12,307.1,1010.5,51.1,8.3,219.8,19.1,6,10,2022-06-14T03:31:42,2022-06-14T22:04:50,0.5,"Rain, Partially cloudy",Partly cloudy throughout the day with rain.,rain,"02486099999,02464099999,02469099999,02489099999,02484099999,E4931,ESSB"
Stockholm,2022-06-15,72.4,53,62.9,72.4,53,62.9,47.8,60.7,0.013,100,20.83,rain,0,0,20.5,12.1,278.8,1014.6,49.6,7.9,303.9,26.2,8,10,2022-06-15T03:31:21,2022-06-15T22:05:34,0.53,"Rain, Partially cloudy",Becoming cloudy in the afternoon with rain.,rain,"02486099999,02464099999,02469099999,02489099999,02484099999,E4931,ESSB"
Stockholm,2022-06-16,71.8,57.9,63.2,71.8,57.9,63.2,52.5,70.3,0.01,100,20.83,rain,0,0,18.6,11.3,269.6,1014.4,70,8.1,170.3,14.7,7,10,2022-06-16T03:31:04,2022-06-16T22:06:13,0.57,"Rain, Partially cloudy",Partly cloudy throughout the day with rain.,rain,"02486099999,02464099999,02469099999,02489099999,02484099999,E4931,ESSB"
Stockholm,2022-06-17,75.2,55.8,65.2,75.2,55.8,65.2,51.8,65.1,0.021,100,20.83,rain,0,0,15.7,9.6,237.9,1015.8,66.8,7.4,248.6,21.3,7,10,2022-06-17T03:30:52,2022-06-17T22:06:46,0.6,"Rain, Partially cloudy",Partly cloudy throughout the day with rain.,rain,"02486099999,02464099999,02469099999,02489099999,02484099999,E4931,ESSB"
Stockholm,2022-06-18,71.7,57,62.8,71.7,57,62.8,51.3,69.4,0.191,100,29.17,rain,0,0,27.6,15.1,243,1006.4,63.2,7.5,125.8,10.7,5,10,2022-06-18T03:30:45,2022-06-18T22:07:15,0.63,"Rain, Partially cloudy",Partly cloudy throughout the day with a chance of rain throughout the day.,rain,"02486099999,02464099999,02469099999,02489099999,02484099999,E4931,ESSB,F4490"
Stockholm,2022-06-19,69.8,53.4,62.3,69.8,53.4,62.3,40.8,47.6,0,0,0,,0,0,20.5,12.1,279.8,1005.7,30.2,8.5,264,22.7,7,10,2022-06-19T03:30:44,2022-06-19T22:07:39,0.67,Partially cloudy,Partly cloudy throughout the day.,partly-cloudy-day,"02486099999,02464099999,02469099999,02489099999,02484099999,E4931,ESSB"
Stockholm,2022-06-20,62.8,52.5,57.8,62.8,52.5,57.8,49.6,74.4,0.009,100,16.67,rain,0,0,15.5,8,20.8,1008.9,56.3,8.6,181.3,15.8,5,10,2022-06-20T03:30:48,2022-06-20T22:07:57,0.7,"Rain, Partially cloudy",Partly cloudy throughout the day with rain in the morning and afternoon.,rain,"02486099999,02464099999,02469099999,02489099999,02484099999,E4931,ESSB"
Stockholm,2022-06-21,75,51.8,63.9,75,51.8,63.9,46.9,58,0,0,0,,0,0,16.9,11.2,219.3,1007.4,30.7,8.2,284.2,24.5,8,10,2022-06-21T03:30:57,2022-06-21T22:08:10,0.75,Partially cloudy,Partly cloudy throughout the day.,partly-cloudy-day,"02486099999,02464099999,02469099999,02489099999,02484099999,E4931,ESSB"
Stockholm,2022-06-22,70.7,58.9,64.1,70.7,58.9,64.1,53.2,68.4,0.005,100,16.67,rain,0,0,11.7,7.7,225.6,1008,62.5,8.1,146.8,12.8,5,10,2022-06-22T03:31:10,2022-06-22T22:08:19,0.77,"Rain, Partially cloudy",Partly cloudy throughout the day with rain clearing later.,rain,"02486099999,02464099999,02469099999,02489099999,02484099999,E4931,ESSB,F4490"
Stockholm,2022-06-23,79,58,67.8,79,58,67.8,54,63.5,0,0,0,,0,0,18.2,11.6,218,1010.9,19.6,8,267.1,23,8,10,2022-06-23T03:31:30,2022-06-23T22:08:22,0.81,Clear,Clear conditions throughout the day.,clear-day,"02486099999,02464099999,02469099999,02489099999,02484099999,E4931,ESSB"
Stockholm,2022-06-24,82.7,61,70.5,81.4,61,70.4,54.4,59.3,0,0,0,,0,0,17.3,11.6,193.9,1014.3,0.4,8.1,309.5,26.6,8,10,2022-06-24T03:31:54,2022-06-24T22:08:19,0.84,Clear,Clear conditions throughout the day.,clear-day,"02486099999,02464099999,02469099999,02489099999,02484099999,E4931,ESSB"
Stockholm,2022-06-25,82.7,61.3,72.7,81.6,61.3,72.5,55.4,57.6,0,0,0,,0,0,19.4,14.5,143.6,1016.6,6.1,7.7,310,26.6,8,10,2022-06-25T03:32:23,2022-06-25T22:08:12,0.87,Clear,Clear conditions throughout the day.,clear-day,"02486099999,02464099999,02469099999,02489099999,02484099999,E4931,ESSB"
Stockholm,2022-06-26,85.8,63.1,75.1,84.9,63.1,75,57.9,57.2,0,0,0,,0,0,17.2,11.7,136.9,1019,8.2,7.7,300,25.9,7,10,2022-06-26T03:32:57,2022-06-26T22:07:59,0.91,Clear,Clear conditions throughout the day.,clear-day,"02486099999,02464099999,02469099999,02489099999,02484099999,E4931,ESSB"
Stockholm,2022-06-27,87.5,66.1,76.8,87,66.1,76.6,59.6,57.7,0,0,0,,0,0,19.4,15,139.9,1019,12.1,7.5,295.5,25.4,7,10,2022-06-27T03:33:36,2022-06-27T22:07:41,0.94,Clear,Clear conditions throughout the day.,clear-day,"02486099999,02464099999,02469099999,02489099999,02484099999,E4931,ESSB"
Stockholm,2022-06-28,87.2,67.8,77,87.2,67.8,77,61,59.8,0.001,100,4.17,rain,0,0,24.5,17.6,133.9,1016.4,39.1,7.5,258.9,22.4,7,10,2022-06-28T03:34:19,2022-06-28T22:07:19,0.98,"Rain, Partially cloudy",Becoming cloudy in the afternoon with late afternoon rain.,rain,"02486099999,02464099999,02469099999,02489099999,02484099999,E4931,ESSB"
Stockholm,2022-06-29,73.6,64.6,69.2,73.6,64.6,69.2,61.2,75.9,0.096,100,41.67,rain,0,0,15.1,9,297.1,1017.7,78.8,8.3,115.5,9.9,4,10,2022-06-29T03:35:08,2022-06-29T22:06:51,0,"Rain, Partially cloudy",Partly cloudy throughout the day with a chance of rain throughout the day.,rain,"02486099999,02464099999,02469099999,02489099999,02484099999,E4931,ESSB"
Stockholm,2022-06-30,81.9,67.3,73.2,83,67.3,73.4,65,76.6,0,0,0,,0,0,18.9,15.1,99.3,1016.9,76.4,6.7,212.5,18.4,8,10,2022-06-30T03:36:01,2022-06-30T22:06:18,0.04,Partially cloudy,Partly cloudy throughout the day.,partly-cloudy-day,"02486099999,02464099999,02469099999,02489099999,02484099999,E4931,ESSB"
Stockholm,2022-07-01,76.8,67.4,70.2,76.8,67.4,70.2,65.8,86.4,0.551,100,29.17,rain,0,0,21.1,14.7,128.3,1014.7,77.2,6.4,121,10.3,5,10,2022-07-01T03:36:59,2022-07-01T22:05:40,0.08,"Rain, Partially cloudy",Partly cloudy throughout the day with rain clearing later.,rain,"02486099999,02464099999,02469099999,02489099999,02484099999,E4931,ESSB"
Stockholm,2022-07-02,73.2,64.4,69.3,73.2,64.4,69.3,59.5,73.4,0.064,100,8.33,rain,0,0,21.4,14.7,219.6,1014.7,54.7,7.6,172.8,14.7,6,10,2022-07-02T03:38:01,2022-07-02T22:04:57,0.11,"Rain, Partially cloudy",Partly cloudy throughout the day with early morning rain.,rain,"02486099999,02464099999,02469099999,02489099999,02484099999,E4931,ESSB"
Stockholm,2022-07-03,74.7,59.2,67.6,74.7,59.2,67.6,50.4,55.8,0,0,0,,0,0,19.2,11.9,215.1,1018.8,37.5,7.4,239.5,20.8,7,10,2022-07-03T03:39:07,2022-07-03T22:04:10,0.15,Partially cloudy,Partly cloudy throughout the day.,partly-cloudy-day,"02486099999,02464099999,02469099999,02489099999,02484099999,E4931,ESSB"
Stockholm,2022-07-04,69.8,61.5,64.3,69.8,61.5,64.3,57.1,77.9,0.156,100,29.17,rain,0,0,21.3,12.5,153.4,1013.2,49.4,7.3,146.7,12.8,5,10,2022-07-04T03:40:17,2022-07-04T22:03:18,0.18,"Rain, Partially cloudy",Partly cloudy throughout the day with rain.,rain,"02486099999,02464099999,02469099999,02489099999,02484099999,E4931,ESSB"
Stockholm,2022-07-05,68.9,57.9,62.9,68.9,57.9,62.9,50.1,64.3,0.007,100,8.33,rain,0,0,22.9,18.8,238.8,1010.9,56.1,7.8,208.6,18.2,6,10,2022-07-05T03:41:32,2022-07-05T22:02:21,0.21,"Rain, Partially cloudy",Partly cloudy throughout the day with rain.,rain,"02486099999,02464099999,02469099999,02489099999,02484099999,E4931,ESSB"
Stockholm,2022-07-06,71.3,55.5,62.9,71.3,55.5,62.9,50.1,63.9,0.196,100,16.67,rain,0,0,19.5,11.1,225.2,1010.5,41.8,7.9,235.3,20.4,8,10,2022-07-06T03:42:51,2022-07-06T22:01:20,0.25,"Rain, Partially cloudy",Partly cloudy throughout the day with afternoon rain.,rain,"02486099999,02464099999,02469099999,02489099999,02484099999,E4931,ESSB"
Stockholm,2022-07-07,60.8,55,57.5,60.8,55,57.5,51.3,81.1,0.443,100,54.17,rain,0,0,14.1,8,245.2,1010.7,68.4,6.6,86.1,7.4,2,10,2022-07-07T03:44:13,2022-07-07T22:00:14,0.25,"Rain, Partially cloudy",Partly cloudy throughout the day with rain.,rain,"02486099999,02464099999,02469099999,02489099999,02484099999,E4931,ESSB"
Stockholm,2022-07-08,68.2,54.3,62.1,68.2,54.3,62.1,53.3,74.3,0.062,100,8.33,rain,0,0,14.5,8.3,160.4,1016,45.4,6.4,189,16.4,7,10,2022-07-08T03:45:39,2022-07-08T21:59:04,0.32,"Rain, Partially cloudy",Partly cloudy throughout the day with afternoon rain.,rain,"02486099999,02464099999,02469099999,02489099999,02484099999,E4931,ESSB"
Stockholm,2022-07-09,72.3,58.8,64.2,72.3,58.8,64.2,48.9,59.8,0.011,100,4.17,rain,0,0,21.6,14.6,273.8,1009.7,61.6,8.3,221.8,19.1,8,10,2022-07-09T03:47:08,2022-07-09T21:57:50,0.35,"Rain, Partially cloudy",Partly cloudy throughout the day with late afternoon rain.,rain,"02486099999,02464099999,02469099999,02489099999,02484099999,E4931,ESSB"
Stockholm,2022-07-10,64.5,53.3,59,64.5,53.3,59,48.6,69.3,0.012,100,16.67,rain,0,0,17.7,11.9,306.3,1011.3,52.9,8.1,178.9,15.2,6,10,2022-07-10T03:48:41,2022-07-10T21:56:32,0.39,"Rain, Partially cloudy",Partly cloudy throughout the day with rain.,rain,"02486099999,02464099999,02469099999,02489099999,02484099999,E4931,ESSB"
Stockholm,2022-07-11,72.4,53.6,61.3,72.4,53.6,61.3,53,75.5,0.07,100,16.67,rain,0,0,18.2,11.1,338.5,1016.6,29.2,7.2,255.7,22.1,7,10,2022-07-11T03:50:17,2022-07-11T21:55:09,0.42,"Rain, Partially cloudy",Partly cloudy throughout the day with rain.,rain,"02486099999,02464099999,02469099999,02489099999,02484099999,E4931,ESSB"
Stockholm,2022-07-12,79.1,55.2,68.5,79.1,55.2,68.5,49.4,54.8,0.001,100,4.17,rain,0,0,21.3,11.5,323.8,1016.9,22.8,6.6,301.5,26.2,8,10,2022-07-12T03:51:57,2022-07-12T21:53:43,0.45,"Rain, Partially cloudy",Partly cloudy throughout the day with early morning rain.,rain,"02486099999,02464099999,02469099999,02489099999,02484099999,E4931,ESSB"
Stockholm,2022-07-13,78.8,62.1,69.1,78.8,62.1,69.1,54.4,60.4,0.02,100,8.33,rain,0,0,24.8,14.3,257.1,1007.6,32.9,8,253.4,21.9,7,10,2022-07-13T03:53:39,2022-07-13T21:52:13,0.5,"Rain, Partially cloudy",Partly cloudy throughout the day with rain.,rain,"02486099999,02464099999,02469099999,02489099999,02484099999,E4931,ESSB,F4490"
Stockholm,2022-07-14,70.8,56.4,61.2,70.8,56.4,61.2,49.1,66.2,0.169,100,29.17,rain,0,0,25.1,13.6,266.7,1004.2,43.5,8,202.2,17.5,7,10,2022-07-14T03:55:24,2022-07-14T21:50:40,0.52,"Rain, Partially cloudy",Partly cloudy throughout the day with rain.,rain,"02486099999,02464099999,02469099999,02489099999,02484099999,E4931,ESSB"
Stockholm,2022-07-15,63.1,53.5,57.2,63.1,53.5,57.2,44,62.6,0.011,100,8.33,rain,0,0,29,18.5,289.8,1005.6,56.4,7.8,232.8,19.8,8,10,2022-07-15T03:57:11,2022-07-15T21:49:03,0.55,"Rain, Partially cloudy",Partly cloudy throughout the day with rain.,rain,"02486099999,02464099999,02469099999,02489099999,02484099999,E4931,ESSB"
Stockholm,2022-07-16,63.7,52.9,57.7,63.7,52.9,57.7,42.1,56.3,0,0,0,rain,0,0,25.5,16.8,290.7,1009.5,77.4,8.2,181.3,15.6,7,10,2022-07-16T03:59:02,2022-07-16T21:47:22,0.59,Partially cloudy,Partly cloudy throughout the day.,partly-cloudy-day,"02486099999,02464099999,02469099999,02489099999,02484099999,E4931,ESSB"
Stockholm,2022-07-17,70.7,55.6,62.5,70.7,55.6,62.5,42.1,48.2,0.002,100,4.17,rain,0,0,22.4,13.8,284.9,1016,56.4,8.2,275,23.6,7,10,2022-07-17T04:00:54,2022-07-17T21:45:38,0.62,"Rain, Partially cloudy",Partly cloudy throughout the day with morning rain.,rain,"02486099999,02464099999,02469099999,02489099999,02484099999,E4931,ESSB"
Stockholm,2022-07-18,71.7,58.8,65.6,71.7,58.8,65.6,53,64.5,0.033,100,16.67,rain,0,0,22.3,10.1,246.9,1015.4,60.9,7.8,170.2,14.7,5,10,2022-07-18T04:02:49,2022-07-18T21:43:51,0.65,"Rain, Partially cloudy",Partly cloudy throughout the day with rain.,rain,"02486099999,02464099999,02469099999,02489099999,02484099999,E4931,ESSB,F4490"
Stockholm,2022-07-19,75,60.2,66.4,75,60.2,66.4,52.9,63.6,0,0,0,,0,0,17.9,9.9,9.6,1016.5,40.3,7.5,213.9,18.6,6,10,2022-07-19T04:04:46,2022-07-19T21:42:01,0.69,Partially cloudy,Partly cloudy throughout the day.,partly-cloudy-day,"02486099999,02464099999,02469099999,02489099999,02484099999,E4931,ESSB"
Stockholm,2022-07-20,83.7,59,71.1,82.6,59,71,55.1,60.1,0,0,0,,0,0,18.5,11.2,190.5,1019.5,19.8,7.7,261.5,22.7,7,10,2022-07-20T04:06:45,2022-07-20T21:40:07,0.75,Clear,Clear conditions throughout the day.,clear-day,"02486099999,02464099999,02469099999,02489099999,02484099999,E4931,ESSB,F4490"
Stockholm,2022-07-21,92.8,64.4,78.1,89.3,64.4,77.3,56.6,52.2,0,0,0,,0,0,16.3,10.6,180.6,1013.9,17.3,7.6,268.6,23.1,7,10,2022-07-21T04:08:46,2022-07-21T21:38:11,0.76,Clear,Clear conditions throughout the day.,clear-day,"02486099999,02464099999,02469099999,02489099999,02484099999,E4931,ESSB,F4490"
Stockholm,2022-07-22,75.9,64.2,69.3,75.9,64.2,69.3,60.5,73.8,0.002,100,4.17,rain,0,0,19.7,10.6,53.4,1011.9,53.9,6.9,194.7,16.9,6,10,2022-07-22T04:10:49,2022-07-22T21:36:12,0.79,"Rain, Partially cloudy",Partly cloudy throughout the day with early morning rain.,rain,"02486099999,02464099999,02469099999,02489099999,02484099999,E4931,ESSB,F4490"
Stockholm,2022-07-23,63.7,57.8,61.2,63.7,57.8,61.2,55,80.4,0.006,100,4.17,rain,0,0,14.7,8.4,341.3,1011.8,95.5,7.3,59.2,5,2,10,2022-07-23T04:12:53,2022-07-23T21:34:10,0.82,"Rain, Overcast",Cloudy skies throughout the day with afternoon rain.,rain,"02486099999,02464099999,02469099999,02489099999,02484099999,E4931,ESSB"
Stockholm,2022-07-24,77,59.1,67.5,77,59.1,67.5,51.5,58.8,0.002,100,4.17,rain,0,0,19.6,14.4,279,1012.8,60.6,8.1,248,21.5,8,10,2022-07-24T04:14:59,2022-07-24T21:32:06,0.86,"Rain, Partially cloudy",Partly cloudy throughout the day with early morning rain.,rain,"02486099999,02464099999,02469099999,02489099999,02484099999,E4931,ESSB"
Stockholm,2022-07-25,72.3,61,67.6,72.3,61,67.6,56.9,68.9,0,0,0,rain,0,0,18.6,11.1,184.2,1008.9,78.3,7.7,132,11.4,5,10,2022-07-25T04:17:07,2022-07-25T21:29:59,0.89,Partially cloudy,Partly cloudy throughout the day.,partly-cloudy-day,"02486099999,02464099999,02469099999,02489099999,02484099999,E4931,ESSB,F4490"
Stockholm,2022-07-26,72.4,61,66.2,72.4,61,66.2,57.1,74.2,0.388,100,50,rain,0,0,21.4,12.4,214.2,1000.7,68.7,7.3,139.1,12.1,6,10,2022-07-26T04:19:15,2022-07-26T21:27:50,0.92,"Rain, Partially cloudy",Partly cloudy throughout the day with a chance of rain throughout the day.,rain,"02486099999,02464099999,02469099999,02489099999,02484099999,E4931,ESSB"
Stockholm,2022-07-27,66.2,57.4,61.7,66.2,57.4,61.7,50.8,67.8,0.001,100,4.17,rain,0,0,16.9,9.5,276.4,1006.5,89.6,8,104.5,8.9,5,10,2022-07-27T04:21:25,2022-07-27T21:25:38,0.96,"Rain, Partially cloudy",Partly cloudy throughout the day with early morning rain.,rain,"02486099999,02464099999,02469099999,02489099999,02484099999,E4931,ESSB"
Stockholm,2022-07-28,67.9,54.1,59.8,67.9,54.1,59.8,44.6,58.6,0,0,0,,0,0,21,10.8,328.4,1017.3,54.8,8,222.4,19.3,7,10,2022-07-28T04:23:36,2022-07-28T21:23:24,0,Partially cloudy,Partly cloudy throughout the day.,partly-cloudy-day,"02486099999,02464099999,02469099999,02489099999,02484099999,E4931,ESSB"
Stockholm,2022-07-29,73.1,53.6,63.4,73.1,53.6,63.4,45.4,54.6,0,0,0,,0,0,14.3,9.6,240.6,1022.1,39.4,7.8,221.1,19.1,7,10,2022-07-29T04:25:48,2022-07-29T21:21:08,0.02,Partially cloudy,Becoming cloudy in the afternoon.,partly-cloudy-day,"02486099999,02464099999,02469099999,02489099999,02484099999,E4931,ESSB"
Stockholm,2022-07-30,78.9,58.7,67.3,78.9,58.7,67.3,48.9,53.6,0.002,100,8.33,rain,0,0,19.5,10.8,203.2,1019.2,83.1,8,201.4,17.3,7,10,2022-07-30T04:28:01,2022-07-30T21:18:50,0.06,"Rain, Partially cloudy",Partly cloudy throughout the day with rain in the morning and afternoon.,rain,"02486099999,02464099999,02469099999,02489099999,02484099999,E4931,ESSB"
Stockholm,2022-07-31,78.1,60.4,68.6,78.1,60.4,68.6,44,43.6,0,0,0,,0,0,24.8,12.2,194.7,1015.8,24.6,8.4,264.7,22.9,7,10,2022-07-31T04:30:15,2022-07-31T21:16:30,0.09,Partially cloudy,Partly cloudy throughout the day.,partly-cloudy-day,"02486099999,02464099999,02469099999,02489099999,02484099999,E4931,ESSB"
Stockholm,2022-08-01,76.4,60.9,67.5,76.4,60.9,67.5,51.1,57.8,0,0,0,rain,0,0,15.7,9.2,174,1011.5,45.4,8.5,228.1,19.8,7,10,2022-08-01T04:32:30,2022-08-01T21:14:08,0.13,Partially cloudy,Partly cloudy throughout the day.,partly-cloudy-day,"02486099999,02464099999,02469099999,02489099999,02484099999,E4931,ESSB"
Stockholm,2022-08-02,73.8,56.3,64.3,73.8,56.3,64.3,51.5,65.7,0,0,0,,0,0,16.7,10.3,248.3,1012.9,56.3,8.5,191.1,16.6,6,10,2022-08-02T04:34:45,2022-08-02T21:11:44,0.16,Partially cloudy,Partly cloudy throughout the day.,partly-cloudy-day,"02486099999,02464099999,02469099999,02489099999,02484099999,E4931,ESSB"
Stockholm,2022-08-03,78.2,59.6,68.1,78.2,59.6,68.1,55.9,65.6,0.004,100,4.17,rain,0,0,24.6,13.8,192.9,1012.6,61.8,8.6,213.5,18.5,7,10,2022-08-03T04:37:01,2022-08-03T21:09:18,0.2,"Rain, Partially cloudy",Partly cloudy throughout the day with early morning rain.,rain,"02486099999,02464099999,02469099999,02489099999,02484099999,E4931,ESSB"
Stockholm,2022-08-04,81.9,66.3,73.4,81.3,66.3,73.3,58.3,61.4,0,0,0,,0,0,21.2,12.4,203.5,1013.2,45.3,8.4,230.5,19.9,7,10,2022-08-04T04:39:18,2022-08-04T21:06:51,0.23,Partially cloudy,Partly cloudy throughout the day.,partly-cloudy-day,"02486099999,02464099999,02469099999,02489099999,02484099999,E4931,ESSB"
Stockholm,2022-08-05,78.1,62.8,68.7,78.1,62.8,68.7,62.7,82.3,0.48,100,37.5,rain,0,0,15.2,10.7,194.5,1010.7,60.8,6.8,119.8,10.3,6,10,2022-08-05T04:41:35,2022-08-05T21:04:22,0.25,"Rain, Partially cloudy",Partly cloudy throughout the day with rain.,rain,"02486099999,02464099999,02469099999,02489099999,02484099999,E4931,ESSB"
Stockholm,2022-08-06,68.8,54.6,61,68.8,54.6,61,49.3,67.3,0.104,100,16.67,rain,0,0,30.4,19.1,254.5,1012.1,48.7,8.5,228.5,19.8,7,10,2022-08-06T04:43:53,2022-08-06T21:01:51,0.3,"Rain, Partially cloudy",Partly cloudy throughout the day with rain.,rain,"02486099999,02464099999,02469099999,02489099999,02484099999,E4931,ESSB"
Stockholm,2022-08-07,71.3,55.2,62.8,71.3,55.2,62.8,48.7,61.4,0,0,0,rain,0,0,17,11.3,253.3,1018.5,27.2,8.1,207.6,17.9,8,10,2022-08-07T04:46:11,2022-08-07T20:59:19,0.34,Partially cloudy,Partly cloudy throughout the day.,partly-cloudy-day,"02486099999,02464099999,02469099999,02489099999,02484099999,E4931,ESSB"
Stockholm,2022-08-08,74.9,55.8,64.6,74.9,55.8,64.6,48.6,59.3,0,0,0,,0,0,13.7,7.1,252.5,1022.2,44.6,8.1,268.4,23.5,8,10,2022-08-08T04:48:29,2022-08-08T20:56:45,0.37,Partially cloudy,Partly cloudy throughout the day.,partly-cloudy-day,"02486099999,02464099999,02469099999,02489099999,02484099999,E4931,ESSB"
Stockholm,2022-08-09,77.7,56.9,67.1,77.7,56.9,67.1,51.5,60.4,0,0,0,,0,0,14.2,10,221.3,1026.9,30.6,7.8,213.2,18.3,7,10,2022-08-09T04:50:47,2022-08-09T20:54:10,0.41,Partially cloudy,Partly cloudy throughout the day.,partly-cloudy-day,"02486099999,02464099999,02469099999,02489099999,02484099999,E4931,ESSB"
Stockholm,2022-08-10,78.7,59.3,68,78.7,59.3,68,53.7,61.3,0,0,0,,0,0,21.9,11.4,217.1,1024.4,45.2,7.8,192.3,16.6,5,10,2022-08-10T04:53:06,2022-08-10T20:51:33,0.44,Partially cloudy,Partly cloudy throughout the day.,partly-cloudy-day,"02486099999,02464099999,02469099999,02489099999,02484099999,E4931,ESSB"
Stockholm,2022-08-11,81.6,62.9,71.8,80.4,62.9,71.6,52.8,54.4,0,0,0,,0,0,20.9,13.5,248.8,1020.6,1,8.4,238.1,20.6,7,10,2022-08-11T04:55:25,2022-08-11T20:48:56,0.48,Clear,Clear conditions throughout the day.,clear-day,"02486099999,02464099999,02469099999,02489099999,02484099999,E4931,ESSB"
Stockholm,2022-08-12,84,61.4,70.3,83.2,61.4,70.2,55.4,61.1,0,0,0,,0,0,15.9,10.9,265.3,1021.9,8.2,8.4,243.8,21,7,10,2022-08-12T04:57:44,2022-08-12T20:46:17,0.5,Clear,Clear conditions throughout the day.,clear-day,"02486099999,02464099999,02469099999,02489099999,02484099999,E4931,ESSB"
Stockholm,2022-08-13,83.4,62.4,71.8,82.5,62.4,71.6,56.7,63.3,0,0,0,,0,0,18.6,10.9,148.9,1021.3,15.9,8.1,234.6,20.2,7,10,2022-08-13T05:00:03,2022-08-13T20:43:37,0.54,Clear,Clear conditions throughout the day.,clear-day,"02486099999,02464099999,02469099999,02489099999,02484099999,E4931,ESSB,F4490"
Stockholm,2022-08-14,84.5,62.3,72,81.8,62.3,71.7,54.7,58.5,0,0,0,,0,0,17.2,10.6,135.3,1018.2,14.6,8.3,235.1,20.3,7,10,2022-08-14T05:02:23,2022-08-14T20:40:55,0.58,Clear,Clear conditions throughout the day.,clear-day,"02486099999,02464099999,02469099999,02489099999,02484099999,E4931,ESSB,F4490"
Stockholm,2022-08-15,84,64.1,72.6,85,64.1,72.7,63.2,73.9,0.001,100,4.17,rain,0,0,15,13.8,101.9,1014.2,31.3,7.7,140.1,12.2,5,10,2022-08-15T05:04:42,2022-08-15T20:38:13,0.61,"Rain, Partially cloudy",Partly cloudy throughout the day with afternoon rain.,rain,"02486099999,02464099999,02469099999,02489099999,02484099999,E4931,ESSB,F4490"
Stockholm,2022-08-16,83.9,67.7,75.1,84.7,67.7,75.4,64.4,71.2,0.002,100,4.17,rain,0,0,22.9,17.7,125.7,1011.2,34.2,7.1,171.5,14.6,6,30,2022-08-16T05:07:01,2022-08-16T20:35:30,0.64,"Rain, Partially cloudy",Partly cloudy throughout the day with afternoon rain.,rain,"02486099999,02464099999,02469099999,02489099999,02484099999,E4931,ESSB"
Stockholm,2022-08-17,83.5,67.9,74.3,83.5,67.9,74.4,63.1,70.6,0.002,100,4.17,rain,0,0,16.9,11.4,198,1011,34.9,6.8,190.6,16.5,5,10,2022-08-17T05:09:21,2022-08-17T20:32:45,0.68,"Rain, Partially cloudy",Partly cloudy throughout the day with afternoon rain.,rain,"02486099999,02464099999,02469099999,02489099999,02484099999,E4931,ESSB"
Stockholm,2022-08-18,80.4,65,71,81.2,65,71,61.8,74.1,0.008,100,12.5,rain,0,0,16.4,9.9,67,1015.4,57.6,6.6,162.4,13.9,6,10,2022-08-18T05:11:40,2022-08-18T20:30:00,0.71,"Rain, Partially cloudy",Partly cloudy throughout the day with rain.,rain,"02486099999,02464099999,02469099999,02489099999,02484099999,E4931,ESSB"
Stockholm,2022-08-19,88.8,65.7,74.8,90.1,65.7,75.2,64.5,73.2,0,0,0,rain,0,0,15.5,11.2,112.7,1014.1,63.8,6.4,200.7,17.1,6,10,2022-08-19T05:13:59,2022-08-19T20:27:14,0.75,Partially cloudy,Partly cloudy throughout the day.,partly-cloudy-day,"02486099999,02464099999,02469099999,02489099999,02484099999,E4931,ESSB,F4490"
Stockholm,2022-08-20,74.1,66.2,70.4,74.1,66.2,70.4,66.7,88.2,0.601,100,33.33,rain,0,0,21.5,13.1,140.9,1010.6,84.2,6.6,56.4,4.7,3,10,2022-08-20T05:16:18,2022-08-20T20:24:27,0.77,"Rain, Partially cloudy",Partly cloudy throughout the day with rain in the morning and afternoon.,rain,"02486099999,02464099999,02469099999,02489099999,02484099999,E4931,ESSB,F4490"
Stockholm,2022-08-21,71.6,61.8,66.2,71.6,61.8,66.2,53.9,66.3,0.007,100,12.5,rain,0,0,14.2,9.8,253.9,1011.5,80.6,8.5,127.5,10.9,4,10,2022-08-21T05:18:37,2022-08-21T20:21:39,0.81,"Rain, Partially cloudy",Partly cloudy throughout the day with rain clearing later.,rain,"02486099999,02464099999,02469099999,02489099999,02484099999,E4931,ESSB,F4490"
Stockholm,2022-08-22,73.5,59.6,66,73.5,59.6,66,51.2,61.6,0,0,0,,0,0,14.6,9.6,245.6,1016,27.3,8.2,203.5,17.6,6,10,2022-08-22T05:20:56,2022-08-22T20:18:50,0.84,Partially cloudy,Partly cloudy throughout the day.,partly-cloudy-day,"02486099999,02464099999,02469099999,02489099999,02484099999,E4931,ESSB"
Stockholm,2022-08-23,70.8,59.4,64.5,70.8,59.4,64.5,54.2,70.3,0.019,100,16.67,rain,0,0,11,5.3,45.1,1022,76.2,8,91.1,7.9,3,10,2022-08-23T05:23:15,2022-08-23T20:16:00,0.87,"Rain, Partially cloudy",Partly cloudy throughout the day with late afternoon rain.,rain,"02486099999,02464099999,02469099999,02489099999,02484099999,E4931,ESSB"
Stockholm,2022-08-24,72.9,54.3,63.4,72.9,54.3,63.4,50,63.4,0,0,0,,0,0,14.7,8.1,4.3,1024.2,18.9,8.1,198.6,17,7,10,2022-08-24T05:25:34,2022-08-24T20:13:10,0.9,Clear,Clear conditions throughout the day.,clear-day,"02486099999,02464099999,02469099999,02489099999,02484099999,E4931,ESSB"
Stockholm,2022-08-25,76.4,54.7,65.1,76.4,54.7,65.1,49.8,61.2,0,0,0,,0,0,14.8,8.7,94.2,1025.4,5.5,7.8,213.5,18.7,6,10,2022-08-25T05:27:52,2022-08-25T20:10:19,0.94,Clear,Clear conditions throughout the day.,clear-day,"02486099999,02464099999,02469099999,02489099999,02484099999,E4931,ESSB,F4490"
Stockholm,2022-08-26,73.7,56.4,64.4,73.7,56.4,64.4,55.5,75,0,0,0,,0,0,17.9,11.1,103.9,1020.2,37.6,7.9,189.5,16.5,6,10,2022-08-26T05:30:11,2022-08-26T20:07:28,0.97,Partially cloudy,Partly cloudy throughout the day.,partly-cloudy-day,"02486099999,02464099999,02469099999,02489099999,02484099999,E4931,ESSB"
Stockholm,2022-08-27,80.3,63.9,71.2,81.6,63.9,71.2,64.6,80.8,0.054,100,16.67,rain,0,0,10.2,7.4,83.8,1014.4,88.5,6.8,114.3,9.9,6,10,2022-08-27T05:32:29,2022-08-27T20:04:36,0,"Rain, Partially cloudy",Partly cloudy throughout the day with rain clearing later.,rain,"02486099999,02464099999,02469099999,02489099999,02484099999,E4931,ESSB,F4490"
Stockholm,2022-08-28,67.5,52.3,60.8,67.5,52.3,60.8,56.6,86.3,0.631,100,50,rain,0,0,24.8,15.6,13.8,1015.7,94.1,7.7,44.7,3.8,2,10,2022-08-28T05:34:47,2022-08-28T20:01:43,0.04,"Rain, Overcast",Cloudy skies throughout the day with rain.,rain,"02486099999,02464099999,02469099999,02489099999,02484099999,E4931,ESSB"
Stockholm,2022-08-29,63.3,53.7,57.3,63.3,53.7,57.3,49.7,77.3,0.008,100,25,rain,0,0,26.7,14.7,351.4,1019.4,69.6,8.8,93.4,8.2,4,10,2022-08-29T05:37:05,2022-08-29T19:58:50,0.07,"Rain, Partially cloudy",Partly cloudy throughout the day with rain clearing later.,rain,"02486099999,02464099999,02469099999,02489099999,02484099999,E4931,ESSB"
Stockholm,2022-08-30,64.5,51.5,57.6,64.5,51.5,57.6,48.5,72.6,0.008,100,8.33,rain,0,0,27.9,14.5,338.5,1022.7,25.8,8.9,178.3,15.4,5,10,2022-08-30T05:39:23,2022-08-30T19:55:56,0.11,"Rain, Partially cloudy",Partly cloudy throughout the day with afternoon rain.,rain,"02486099999,02464099999,02469099999,02489099999,02484099999,E4931,ESSB"
Stockholm,2022-08-31,63.2,49.8,55.2,63.2,48.2,55.2,46.6,73.6,0.032,100,12.5,rain,0,0,22,12.9,327.1,1025,41.9,8.8,127.6,10.9,5,10,2022-08-31T05:41:40,2022-08-31T19:53:02,0.14,"Rain, Partially cloudy",Partly cloudy throughout the day with rain.,rain,"02486099999,02464099999,02469099999,02489099999,02484099999,E4931,ESSB"
Stockholm,2022-09-01,59.2,48.2,53.2,59.2,46.7,52.9,44.5,73.3,0.008,100,12.5,rain,0,0,22.2,11.6,330.4,1024.4,52.3,8.7,152.1,13,5,10,2022-09-01T05:43:58,2022-09-01T19:50:07,0.18,"Rain, Partially cloudy",Partly cloudy throughout the day with afternoon rain.,rain,"02486099999,02464099999,02469099999,02489099999,02484099999,E4931,ESSB"
Stockholm,2022-09-02,56.4,46.8,51.4,56.4,44.7,50.6,42.7,72.9,0.004,100,16.67,rain,0,0,21.1,10.8,340.9,1025.5,42.7,8.7,149.3,12.8,5,10,2022-09-02T05:46:15,2022-09-02T19:47:12,0.22,"Rain, Partially cloudy",Becoming cloudy in the afternoon with rain.,rain,"02486099999,02464099999,02469099999,02489099999,02484099999,E4931,ESSB"
Stockholm,2022-09-03,56.4,45.1,51.1,56.4,45.1,51.1,42.9,74.8,0.054,100,29.17,rain,0,0,8.4,5.7,165.4,1026,86.1,8.3,61.1,5.3,2,10,2022-09-03T05:48:32,2022-09-03T19:44:16,0.25,"Rain, Partially cloudy",Partly cloudy throughout the day with rain.,rain,"02486099999,02464099999,02469099999,02489099999,02484099999,E4931,ESSB"
Stockholm,2022-09-04,61.2,47.6,53.8,61.2,47.6,53.8,43,68.8,0.038,100,37.5,rain,0,0,12.2,7.3,54.7,1029.4,71,8.3,127.7,10.9,5,10,2022-09-04T05:50:49,2022-09-04T19:41:20,0.29,"Rain, Partially cloudy",Partly cloudy throughout the day with a chance of rain throughout the day.,rain,"02486099999,02464099999,02469099999,02489099999,02484099999,E4931,ESSB"
Stockholm,2022-09-05,62.5,44.3,52.8,62.5,44.3,52.8,41.6,68.5,0,0,0,,0,0,15.7,6.9,342.8,1031.8,29.2,7.6,134.3,11.4,7,10,2022-09-05T05:53:06,2022-09-05T19:38:24,0.32,Partially cloudy,Partly cloudy throughout the day.,partly-cloudy-day,"02486099999,02464099999,02469099999,02489099999,02484099999,E4931,ESSB"
Stockholm,2022-09-06,68.3,38.8,55.5,68.3,38.8,55.4,44.6,70,0,0,0,,0,0,20.1,12.8,260.2,1024.8,20.3,7,178.7,15.3,6,10,2022-09-06T05:55:23,2022-09-06T19:35:28,0.36,Partially cloudy,Partly cloudy throughout the day.,partly-cloudy-day,"02486099999,02464099999,02469099999,02489099999,02484099999,E4931,ESSB,F4490"
Stockholm,2022-09-07,61,46.6,54,61,45.6,53.8,43.1,68.4,0,0,0,rain,0,0,15.7,8,41.2,1022.1,32.6,7.3,142,12.3,5,10,2022-09-07T05:57:40,2022-09-07T19:32:31,0.39,Partially cloudy,Partly cloudy throughout the day.,partly-cloudy-day,"02486099999,02464099999,02469099999,02489099999,02484099999,E4931,ESSB"
Stockholm,2022-09-08,59.5,39.1,51.2,59.5,39.1,51.1,42,72.5,0,0,0,rain,0,0,13.4,9.4,85.3,1023.9,31.5,7.6,68.4,5.9,2,10,2022-09-08T05:59:56,2022-09-08T19:29:34,0.43,Partially cloudy,Becoming cloudy in the afternoon.,partly-cloudy-day,"02486099999,02464099999,02469099999,02489099999,02484099999,E4931,ESSB"
Stockholm,2022-09-09,61.7,47,55.1,61.7,46.1,55,41.7,61.8,0,0,0,,0,0,24.6,16.6,104.9,1021.8,56.3,7.9,118.9,10.1,4,10,2022-09-09T06:02:13,2022-09-09T19:26:36,0.46,Partially cloudy,Partly cloudy throughout the day.,partly-cloudy-day,"02486099999,02464099999,02469099999,02489099999,02484099999,E4931,ESSB,F4490"
Stockholm,2022-09-10,60.1,43.2,53.9,60.1,43.2,53.9,46.1,76.1,0.004,100,4.17,rain,0,0,15.7,10.8,78.3,1018.7,76.4,10.3,44.9,3.8,2,10,2022-09-10T06:04:29,2022-09-10T19:23:38,0.5,"Rain, Partially cloudy",Partly cloudy throughout the day with morning rain.,rain,"02486099999,02464099999,02469099999,02489099999,02484099999,E4931,remote,ESSB,F4490"
Stockholm,2022-09-11,60.8,49.9,56.2,60.8,49.9,56.2,48.4,75.9,0,0,0,,0,0,11.2,5.9,348.2,1016.8,81.7,16.4,71.4,6,3,10,2022-09-11T06:06:46,2022-09-11T19:20:41,0.53,Partially cloudy,Partly cloudy throughout the day.,partly-cloudy-day,"02486099999,02464099999,02469099999,02489099999,02484099999,remote,E4931,ESSB"
Stockholm,2022-09-12,67.8,42.3,55.4,67.8,42.3,55.4,47.4,77.2,0,0,0,,0,0,13.4,7.5,202.2,1014.7,48.3,5.9,106.7,9.2,5,10,2022-09-12T06:09:02,2022-09-12T19:17:43,0.56,Partially cloudy,Becoming cloudy in the afternoon.,partly-cloudy-day,"02486099999,02464099999,02469099999,02489099999,02484099999,E4931,ESSB,F4490"
Stockholm,2022-09-13,59.2,53.3,56.8,59.2,53.3,56.8,53.1,87.5,1.157,100,37.5,rain,0,0,33.6,19.8,145.2,1001,76.7,7.3,47,3.9,2,10,2022-09-13T06:11:18,2022-09-13T19:14:45,0.6,"Rain, Partially cloudy",Partly cloudy throughout the day with rain.,rain,"02486099999,02464099999,02469099999,02489099999,02484099999,E4931,ESSB,F4490"
Stockholm,2022-09-14,60.1,51.6,55,60.1,51.6,55,49.8,83.2,0,0,0,rain,0,0,20.1,12.6,243,991.4,79.3,7.9,117.8,10.2,5,10,2022-09-14T06:13:34,2022-09-14T19:11:46,0.63,Partially cloudy,Partly cloudy throughout the day.,partly-cloudy-day,"02486099999,02464099999,02469099999,02489099999,02484099999,E4931,ESSB"
Stockholm,2022-09-15,56.4,48.1,52.2,56.4,45.1,51.5,47.7,85,0.016,100,4.17,rain,0,0,17.9,10.9,248.2,987.8,61.7,7.9,70.5,6.1,4,10,2022-09-15T06:15:51,2022-09-15T19:08:48,0.66,"Rain, Partially cloudy",Partly cloudy throughout the day with late afternoon rain.,rain,"02486099999,02464099999,02469099999,02489099999,02484099999,E4931,ESSB"
Stockholm,2022-09-16,58,49.9,52.4,58,48.5,52.3,49.4,89.9,0.099,100,29.17,rain,0,0,20.1,11.7,308.6,988,86.7,7.6,73.4,6.3,3,10,2022-09-16T06:18:07,2022-09-16T19:05:49,0.69,"Rain, Partially cloudy",Partly cloudy throughout the day with rain.,rain,"02486099999,02464099999,02469099999,02489099999,02484099999,E4931,ESSB"
Stockholm,2022-09-17,57.5,49,52.6,57.5,48.2,52.6,48,84.8,0,0,0,rain,0,0,26.6,13.7,297.4,993.4,78.7,7.8,59.7,5.2,2,10,2022-09-17T06:20:23,2022-09-17T19:02:51,0.75,Partially cloudy,Partly cloudy throughout the day.,partly-cloudy-day,"02486099999,02464099999,02469099999,02489099999,02484099999,E4931,ESSB"
Stockholm,2022-09-18,56.5,42.3,50.7,56.5,40.1,50.4,45.5,83.4,0.059,100,4.17,rain,0,0,19,11.8,315.4,1000.5,56.3,6.2,98.1,8.7,4,10,2022-09-18T06:22:39,2022-09-18T18:59:52,0.76,"Rain, Partially cloudy",Partly cloudy throughout the day with morning rain.,rain,"02486099999,02464099999,02469099999,02489099999,02484099999,E4931,ESSB"
Stockholm,2022-09-19,52.9,49.3,50.9,52.9,45.1,50.1,46.8,85.9,0.021,100,20.83,rain,0,0,26.8,14.9,323.2,1005.4,90.4,7.2,46.1,4,2,10,2022-09-19T06:24:56,2022-09-19T18:56:54,0.79,"Rain, Overcast",Cloudy skies throughout the day with rain.,rain,"02486099999,02464099999,02469099999,02489099999,02484099999,E4931,ESSB"
Stockholm,2022-09-20,53.6,39,49.4,53.6,39,47.5,43.1,79.7,0.006,100,8.33,rain,0,0,26.8,13.4,331.9,1015.7,73,7.8,70.8,6.2,4,10,2022-09-20T06:27:12,2022-09-20T18:53:55,0.82,"Rain, Partially cloudy",Partly cloudy throughout the day with morning rain.,rain,"02486099999,02464099999,02469099999,02489099999,02484099999,E4931,ESSB"
Stockholm,2022-09-21,58.2,35.2,47.7,58.2,34.9,47.5,39.5,76.2,0,0,0,,0,0,10.1,5.8,343.2,1023.7,26.6,7.5,128.1,11,4,10,2022-09-21T06:29:28,2022-09-21T18:50:57,0.85,Partially cloudy,Partly cloudy throughout the day.,partly-cloudy-day,"02486099999,02464099999,02469099999,02489099999,02484099999,E4931,ESSB"
Stockholm,2022-09-22,61.4,35.3,49.6,61.4,35.3,49.5,42.5,78.8,0,0,0,,0,0,14.1,8.6,234,1021.8,26.4,6,110.9,9.7,4,10,2022-09-22T06:31:45,2022-09-22T18:47:58,0.89,Partially cloudy,Partly cloudy throughout the day.,partly-cloudy-day,"02486099999,02464099999,02469099999,02489099999,02484099999,E4931,ESSB"
Stockholm,2022-09-23,60.9,47.9,53.8,60.9,47.9,53.7,46.8,78.6,0,0,0,,0,0,10.1,6.7,186.7,1016,85.3,7.6,71.3,6.1,3,10,2022-09-23T06:34:02,2022-09-23T18:45:00,0.92,Partially cloudy,Partly cloudy throughout the day.,partly-cloudy-day,"02486099999,02464099999,02469099999,02489099999,02484099999,E4931,ESSB"
Stockholm,2022-09-24,62.5,47.9,54.2,62.5,47.9,54.2,47.8,80.4,0.005,100,4.17,rain,0,0,10.1,6.7,197.8,1014.1,85.1,7.3,76.8,6.5,3,10,2022-09-24T06:36:19,2022-09-24T18:42:02,0.95,"Rain, Partially cloudy",Partly cloudy throughout the day with morning rain.,rain,"02486099999,02464099999,02469099999,02489099999,02484099999,E4931,ESSB"
Stockholm,2022-09-25,61.7,42.5,52.4,61.7,42.5,52.2,45.6,79.8,0,0,0,,0,0,14.5,8.1,176.1,1010.6,61.4,6.7,82.7,7.1,3,10,2022-09-25T06:38:36,2022-09-25T18:39:03,0,Partially cloudy,Clearing in the afternoon.,partly-cloudy-day,"02486099999,02464099999,02469099999,02489099999,02484099999,E4931,ESSB"
Stockholm,2022-09-26,55.3,49.4,51.9,55.3,47.1,51.6,49.5,91.4,0.175,100,4.17,rain,0,0,18.8,9.6,134.4,1000.7,79.6,6.8,41.2,3.5,1,10,2022-09-26T06:40:53,2022-09-26T18:36:05,0.02,"Rain, Partially cloudy",Partly cloudy throughout the day with morning rain.,rain,"02486099999,02464099999,02469099999,02489099999,02484099999,E4931,ESSB"
Stockholm,2022-09-27,58.9,49.8,54.4,58.9,48.8,54.4,50.3,86.2,0.299,100,4.17,rain,0,0,25.9,12.5,105.2,1002.1,80.9,7.3,48.7,4.2,2,10,2022-09-27T06:43:10,2022-09-27T18:33:08,0.05,"Rain, Partially cloudy",Partly cloudy throughout the day with morning rain.,rain,"02486099999,02464099999,02469099999,02489099999,02484099999,E4931,ESSB"
Stockholm,2022-09-28,57.4,48.1,54.2,57.4,45.7,54,46.8,76.5,0.002,100,4.17,rain,0,0,28,15.4,73.3,1004.7,79.2,11.8,68.3,6,3,10,2022-09-28T06:45:28,2022-09-28T18:30:10,0.09,"Rain, Partially cloudy",Partly cloudy throughout the day with morning rain.,rain,"02486099999,02464099999,02469099999,02489099999,02484099999,E4931,ESSB"
Stockholm,2022-09-29,51.7,43.5,47.7,51.7,40.4,45.6,42.4,82.4,0.151,100,4.17,rain,0,0,21,10.7,9,1004.7,55.2,7.8,55,4.7,2,10,2022-09-29T06:47:46,2022-09-29T18:27:13,0.13,"Rain, Partially cloudy",Partly cloudy throughout the day with morning rain.,rain,"02486099999,02464099999,02469099999,02489099999,02484099999,E4931,ESSB"
Stockholm,2022-09-30,53.6,44.3,47.4,53.6,41.4,46.1,41.1,79.1,0.011,100,4.17,rain,0,0,14.1,5.7,251.6,1009.2,65.6,7.9,65.2,5.7,2,10,2022-09-30T06:50:04,2022-09-30T18:24:15,0.16,"Rain, Partially cloudy",Partly cloudy throughout the day with morning rain.,rain,"02486099999,02464099999,02469099999,02489099999,02484099999,E4931,ESSB"
Stockholm,2022-10-01,57.2,45.1,51.6,57.2,43.4,50.7,47.4,86.2,0.145,100,4.17,rain,0,0,22.4,10.1,138.1,1005.8,43,7.2,76.3,6.6,3,10,2022-10-01T06:52:22,2022-10-01T18:21:18,0.2,"Rain, Partially cloudy",Partly cloudy throughout the day with morning rain.,rain,"02486099999,02464099999,02469099999,02489099999,02484099999,E4931,ESSB"
Stockholm,2022-10-02,55.3,48.9,52.2,55.3,48.2,52.1,49.3,89.9,0.247,100,4.17,rain,0,0,13.9,6.8,88.9,1004.5,66.4,6.2,34.3,3,2,10,2022-10-02T06:54:40,2022-10-02T18:18:22,0.23,"Rain, Partially cloudy",Partly cloudy throughout the day with morning rain.,rain,"02486099999,02464099999,02469099999,02489099999,02484099999,E4931,ESSB"
Stockholm,2022-10-03,54.4,39.1,48.5,54.4,39.1,48.1,46.4,92.5,0.13,100,4.17,rain,0,0,15.7,9,295,1012.9,38.8,4.1,71.5,6.1,3,10,2022-10-03T06:56:59,2022-10-03T18:15:26,0.25,"Rain, Partially cloudy",Partly cloudy throughout the day with morning rain.,rain,"02486099999,02464099999,02469099999,02489099999,02484099999,E4931,ESSB"
Stockholm,2022-10-04,58.1,41,49.9,58.1,37.5,48.5,42.5,77.4,0,0,0,rain,0,0,16.1,9.5,274.2,1012.4,23.8,8,102.7,8.8,4,10,2022-10-04T06:59:18,2022-10-04T18:12:30,0.3,Partially cloudy,Partly cloudy throughout the day.,partly-cloudy-day,"02486099999,02464099999,02469099999,02489099999,02484099999,E4931,ESSB,F4490"
Stockholm,2022-10-05,60.1,51.8,56.5,60.1,51.8,56.5,51.9,84.7,0,0,0,,0,0,25.1,11.4,199,1005.1,78.6,7.9,33.7,2.8,1,10,2022-10-05T07:01:38,2022-10-05T18:09:34,0.34,Partially cloudy,Partly cloudy throughout the day.,partly-cloudy-day,"02486099999,02464099999,02469099999,02489099999,02484099999,E4931,ESSB"
Stockholm,2022-10-06,59.1,54.8,57.3,59.1,54.8,57.3,46.7,68.1,0.02,100,8.33,rain,0,0,38,21.5,239.9,1003.4,75.7,7.6,66.7,5.8,4,10,2022-10-06T07:03:58,2022-10-06T18:06:39,0.38,"Rain, Partially cloudy",Partly cloudy throughout the day with morning rain.,rain,"02486099999,02464099999,02469099999,02489099999,02484099999,E4931,ESSB"
Stockholm,2022-10-07,60.7,53,55.9,60.7,53,55.9,47.2,72.5,0,0,0,,0,0,31.3,16.5,218.9,1009.9,45.3,7.1,35.3,3,1,10,2022-10-07T07:06:18,2022-10-07T18:03:44,0.41,Partially cloudy,Partly cloudy throughout the day.,partly-cloudy-day,"02486099999,02464099999,02469099999,02489099999,02484099999,E4931,ESSB"
Stockholm,2022-10-08,57.1,47.1,53.3,57.1,44.3,53,44.7,73.4,0.045,100,12.5,rain,0,0,29.1,16.2,232.2,1004.2,46.4,7.7,81.2,7.1,4,10,2022-10-08T07:08:38,2022-10-08T18:00:50,0.45,"Rain, Partially cloudy",Partly cloudy throughout the day with morning rain.,rain,"02486099999,02464099999,02469099999,02489099999,02484099999,E4931,ESSB"
Stockholm,2022-10-09,55.4,35.2,47.2,55.4,35.2,46,38.4,73.5,0,0,0,,0,0,17.9,11.4,242.7,1015.4,27.3,7.3,87.8,7.7,3,10,2022-10-09T07:10:59,2022-10-09T17:57:56,0.5,Partially cloudy,Becoming cloudy in the afternoon.,partly-cloudy-day,"02486099999,02464099999,02469099999,02489099999,02484099999,E4931,ESSB"
Stockholm,2022-10-10,57.3,46.3,51.6,57.3,42.5,50.2,43.8,75.2,0,0,0,rain,0,0,35.8,16.7,184.7,1014.7,32.3,7.8,68.1,6.1,2,10,2022-10-10T07:13:20,2022-10-10T17:55:03,0.52,Partially cloudy,Partly cloudy throughout the day.,partly-cloudy-day,"02486099999,02464099999,02469099999,02489099999,02484099999,E4931,ESSB"
Stockholm,2022-10-11,53.6,43.9,49.7,53.6,40.9,47.9,41.4,74,0.051,100,12.5,rain,0,0,27.9,17.1,246.9,1008.7,46.1,7.6,82,7.2,3,10,2022-10-11T07:15:42,2022-10-11T17:52:10,0.55,"Rain, Partially cloudy",Partly cloudy throughout the day with rain clearing later.,rain,"02486099999,02464099999,02469099999,02489099999,02484099999,E4931,ESSB"
Stockholm,2022-10-12,51.9,32.4,42.4,51.9,32.4,42.1,35.4,78.6,0,0,0,,0,0,13.4,10.8,235.5,1019.1,12.3,7.4,81.8,7.1,4,10,2022-10-12T07:18:04,2022-10-12T17:49:18,0.58,Clear,Clear conditions throughout the day.,clear-day,"02486099999,02464099999,02469099999,02489099999,02484099999,E4931,ESSB"
Stockholm,2022-10-13,54.6,39.5,49.1,54.6,37.6,48.3,44.1,83.5,0,0,0,,0,0,20.1,9.2,185.8,1016.9,69.5,7,54.4,4.7,3,10,2022-10-13T07:20:26,2022-10-13T17:46:27,0.61,Partially cloudy,Partly cloudy throughout the day.,partly-cloudy-day,"02486099999,02464099999,02469099999,02489099999,02484099999,E4931,ESSB"
Stockholm,2022-10-14,57.1,40.8,49.8,57.1,40.8,49.5,45.3,85.4,0,0,0,rain,0,0,13.4,7.8,173.8,1011.2,54.5,5.2,66.8,5.6,3,10,2022-10-14T07:22:49,2022-10-14T17:43:36,0.65,Partially cloudy,Partly cloudy throughout the day.,partly-cloudy-day,"02486099999,02464099999,02469099999,02484099999,E4931,ESSB"
Stockholm,2022-10-15,56.2,48.2,52.9,56.2,45.9,52.6,51.1,93.5,0.055,100,16.67,rain,0,0,20.1,10.4,163.3,1006.2,92.8,5,17.4,1.5,1,10,2022-10-15T07:25:12,2022-10-15T17:40:46,0.68,"Rain, Overcast",Cloudy skies throughout the day with rain in the morning and afternoon.,rain,"02486099999,02464099999,02469099999,02484099999,E4931,ESSB,F4490"
Stockholm,2022-10-16,57.2,48.1,53.5,57.2,43.3,52.4,48.9,84.9,0.248,100,12.5,rain,0,0,44.7,12.8,201.5,1004.6,83.4,6.8,33.5,3,2,10,2022-10-16T07:27:36,2022-10-16T17:37:56,0.71,"Rain, Partially cloudy",Partly cloudy throughout the day with rain.,rain,"02486099999,02464099999,02469099999,02484099999,E4931,ESSB,F4490"
Stockholm,2022-10-17,55.4,47.1,51,55.4,43.8,49,43.1,74.9,0.093,100,16.67,rain,0,0,30.9,18.3,248.2,1015.1,78.7,6.9,57.9,5.1,3,10,2022-10-17T07:30:00,2022-10-17T17:35:08,0.75,"Rain, Partially cloudy",Partly cloudy throughout the day with late afternoon rain.,rain,"02486099999,02464099999,02469099999,02484099999,E4931,ESSB"
Stockholm,2022-10-18,48.4,41.1,46.3,46.3,37.6,43.8,43.5,90.1,0.123,100,16.67,rain,0,0,15.7,8.4,291.8,1015.1,82.4,6.4,28.8,2.3,2,10,2022-10-18T07:32:24,2022-10-18T17:32:20,0.77,"Rain, Partially cloudy",Partly cloudy throughout the day with rain clearing later.,rain,"02486099999,02464099999,02469099999,02484099999,E4931,ESSB,F4490"
Stockholm,2022-10-19,47.2,35.6,41.5,43.2,29.1,36.6,33.7,74.1,0,0,0,,0,0,22.4,10.9,305.7,1022.4,26.6,7.9,56.3,4.8,3,10,2022-10-19T07:34:49,2022-10-19T17:29:33,0.81,Partially cloudy,Partly cloudy throughout the day.,partly-cloudy-day,"02486099999,02464099999,02469099999,02484099999,E4931,ESSB"
Stockholm,2022-10-20,48.3,34.3,40.4,45.3,30.4,38.1,34.7,81.3,0,0,0,,0,0,13.4,7.7,260.1,1022.2,24.5,7.4,63.8,5.5,3,10,2022-10-20T07:37:14,2022-10-20T17:26:47,0.84,Partially cloudy,Partly cloudy throughout the day.,partly-cloudy-day,"02486099999,02464099999,02469099999,02484099999,E4931,ESSB"
Stockholm,2022-10-21,49.9,37.3,44.3,48.9,37.3,43.1,38.9,82.3,0,0,0,,0,0,11.2,6.2,125.8,1017.2,79.3,7.1,53.2,4.5,2,10,2022-10-21T07:39:40,2022-10-21T17:24:01,0.87,Partially cloudy,Partly cloudy throughout the day.,partly-cloudy-day,"02486099999,02464099999,02469099999,02484099999,E4931,ESSB"
Stockholm,2022-10-22,49.9,40.7,46.3,49.3,40.7,45.6,43.4,90,0.038,100,16.67,rain,0,0,15.7,11.1,110.4,1010.8,95.1,5.7,13.4,1.2,1,10,2022-10-22T07:42:06,2022-10-22T17:21:17,0.9,"Rain, Overcast",Cloudy skies throughout the day with rain.,rain,"02486099999,02464099999,02469099999,02484099999,E4931,ESSB"
Stockholm,2022-10-23,48.2,35.9,42.8,47.4,31.9,40.7,37.6,82.9,0,0,0,,0,0,17.9,11.4,295.4,1011.4,71.9,7.6,54.8,4.6,3,10,2022-10-23T07:44:33,2022-10-23T17:18:34,0.93,Partially cloudy,Partly cloudy throughout the day.,partly-cloudy-day,"02486099999,02464099999,02469099999,02484099999,E4931,ESSB"
Stockholm,2022-10-24,49.1,42.8,46.6,44.2,41.4,42.9,43.5,89,0.166,100,29.17,rain,0,0,26.8,14.3,98.5,1012.1,93.2,6.5,14.1,1.1,1,10,2022-10-24T07:46:59,2022-10-24T17:15:51,0.97,"Rain, Overcast",Cloudy skies throughout the day with rain.,rain,"02486099999,02464099999,02469099999,02484099999,E4931,ESSB"
Stockholm,2022-10-25,54.7,50,52.8,54.7,50,52.8,51.6,95.7,0.155,100,37.5,rain,0,0,20.1,10.9,163.4,1004,94.9,4.9,17.9,1.5,1,10,2022-10-25T07:49:27,2022-10-25T17:13:10,0,"Rain, Overcast",Cloudy skies throughout the day with a chance of rain throughout the day.,rain,"02486099999,02464099999,02469099999,02484099999,E4931,ESSB"
